panel,scenario_stream,nomination_method,hours,days,folds,total_incremental_eur,incremental_eur_per_actual_mwh,total_absolute_imbalance_mwh,worst_day_incremental_eur,daily_downside_cvar_5pct_eur
d2,gated,online_profit_quantile,4319,180,2,-29855840.207620606,-2.7019899528751727,3519815.819094288,-2896625.6143714655,-1553177.5848211756
d2,gated,online_risk_adjusted_quantile,4319,180,2,-31975738.181871515,-2.893843305107556,2834229.9508938342,-3654112.116244141,-1400401.858675223
d2,gated,scenario_q75,4319,180,2,-35830123.70851628,-3.2426698963231457,2699976.7287423047,-6322298.54085003,-1872151.8926206902
d2,gated,point_centre,4319,180,2,-36939205.17731728,-3.34304312195608,2093380.0583187009,-4513606.071149606,-1348396.8907567593
d2,gated,spread_signal_quantile,4319,180,2,-37300866.63185732,-3.3757739246973135,2215698.632333099,-4889345.513362854,-1402240.2940206705
d2,gated,scenario_median,4319,180,2,-37751291.58891243,-3.416537932677785,2147079.1163306735,-4999291.127611707,-1424905.3660596549
d2,gated,scenario_q25,4319,180,2,-38837109.08533025,-3.5148057404358184,2411515.0403223806,-3570892.624691815,-1378747.2881753524
d2,raw,online_profit_quantile,4319,180,2,-28663413.079154223,-2.594073843388843,3250062.9796925997,-2959445.5590218995,-1481235.2171737119
d2,raw,online_risk_adjusted_quantile,4319,180,2,-31837864.9817129,-2.8813656123342595,2671301.9451185474,-3176659.1407156317,-1307923.0477530097
d2,raw,scenario_q75,4319,180,2,-36016450.0074195,-3.259532653629316,2635150.617036066,-6385118.485500464,-1875678.2619852524
d2,raw,point_centre,4319,180,2,-36939205.17731728,-3.34304312195608,2093380.0583187009,-4513606.071149606,-1348396.8907567593
d2,raw,spread_signal_quantile,4319,180,2,-37026396.20979287,-3.350934016738861,2150920.800415835,-4952165.458013288,-1408252.591870687
d2,raw,scenario_median,4319,180,2,-37411730.290174544,-3.3858072209914054,2111971.2061456577,-5062111.072262142,-1418578.2913800748
d2,raw,scenario_q25,4319,180,2,-38213066.43940267,-3.45832911985719,2315961.379632028,-3633470.100175754,-1339578.3193073152
exact,gated,online_profit_quantile,937,40,1,-6862010.846529494,-4.85895701957097,528207.8373988585,-1280016.77427578,-1075192.8757396552
exact,gated,scenario_q25,937,40,1,-7004329.293921989,-4.959732030633791,465686.22989947605,-1159545.79029539,-1131742.049850772
exact,gated,online_risk_adjusted_quantile,937,40,1,-7211951.441034319,-5.106748278741308,444335.79310569004,-1129367.1674266357,-1110789.7078371854
exact,gated,point_centre,937,40,1,-8286249.866254704,-5.867453849030324,375682.0049960913,-2810783.9832815393,-1845071.0983636114
exact,gated,scenario_median,937,40,1,-8380634.054940289,-5.934286841050771,392757.0134734621,-2462451.3528126865,-1697969.1087523862
exact,gated,spread_signal_quantile,937,40,1,-8586008.221916012,-6.079711305188704,396882.7825268349,-2388698.8422047566,-1676316.0631485716
exact,gated,scenario_q75,937,40,1,-9326868.360931972,-6.6043108217884985,456129.95306341856,-3440931.293182809,-2119682.684488476
exact,raw,scenario_q25,937,40,1,-6569357.784031885,-4.651730787475916,464265.18372536416,-1174079.8387334177,-1145031.993329924
exact,raw,online_profit_quantile,937,40,1,-6576364.233533221,-4.6566920208152665,496946.9080609036,-1183443.3801268565,-1034173.2028842075
exact,raw,online_risk_adjusted_quantile,937,40,1,-7021160.557670228,-4.971650167892219,442977.667585663,-1141413.0059469126,-1124079.6513163375
exact,raw,scenario_median,937,40,1,-7779639.436351381,-5.508725429676165,381214.9196462586,-2476985.401250714,-1711259.0522315386
exact,raw,spread_signal_quantile,937,40,1,-7975025.991687398,-5.6470777138407815,388061.5377654912,-2403232.8906427845,-1689606.006627724
exact,raw,point_centre,937,40,1,-8286249.866254704,-5.867453849030324,375682.0049960913,-2810783.9832815393,-1845071.0983636114
exact,raw,scenario_q75,937,40,1,-8574278.255411457,-6.071405372079393,415566.11554650177,-3455465.3416208364,-2132972.627967628
