panel,price_area,scenario_stream,nomination_method,hours,total_commercial_delta_vs_point_eur,mean_hourly_commercial_delta_vs_point_eur,total_absolute_imbalance_delta_vs_point_mwh,folds_won_vs_point,folds_evaluated
d2,DK1,gated,online_profit_quantile,4319,7657259.9222916085,1772.924270037418,1001092.8501793023,1,2
d2,DK1,gated,online_risk_adjusted_quantile,4319,5994488.298658365,1387.9343131878595,599246.7400418209,1,2
d2,DK1,gated,scenario_q75,4319,1574085.7909165435,364.45607569264723,393490.5356623056,2,2
d2,DK1,gated,spread_signal_quantile,4319,-27923.237968274974,-6.4652090688295845,73815.74828639964,1,2
d2,DK1,gated,scenario_median,4319,-468575.1756481318,-108.49158963837273,35147.23484669984,0,2
d2,DK1,gated,scenario_q25,4319,-2252258.7006613216,-521.4768929523782,238323.69753702753,0,2
d2,DK1,raw,online_profit_quantile,4319,9277259.003257925,2148.0108829029696,791797.6051070095,2,2
d2,DK1,raw,online_risk_adjusted_quantile,4319,7130925.561966167,1651.0594030947366,472817.53301302675,2,2
d2,DK1,raw,scenario_q75,4319,1835025.4103668747,424.8727507216658,335219.3962220112,2,2
d2,DK1,raw,spread_signal_quantile,4319,567439.902763455,131.38224189938757,21394.90399044057,1,2
d2,DK1,raw,scenario_median,4319,188951.4559577949,43.7488900110662,3244.50793740073,2,2
d2,DK1,raw,scenario_q25,4319,-1378038.6910666886,-319.06429522266467,162175.2344116837,0,2
d2,DK2,gated,scenario_q25,4319,354354.79264835024,82.04556440109985,79811.284466652,1,2
d2,DK2,gated,spread_signal_quantile,4319,-333738.2165717678,-77.27210386009905,48502.82572799857,1,2
d2,DK2,gated,scenario_median,4319,-343511.2359470228,-79.53490065918564,18551.82316527253,1,2
d2,DK2,gated,scenario_q75,4319,-465004.3221155477,-107.66481178873529,213106.13476129822,1,2
d2,DK2,gated,online_profit_quantile,4319,-573894.9525949394,-132.87681236280145,425342.91059628467,1,2
d2,DK2,gated,online_risk_adjusted_quantile,4319,-1031021.3032126045,-238.7175974097255,141603.1525333121,0,2
d2,DK2,raw,scenario_q25,4319,104177.42898128962,24.12072909962714,60406.08690164333,1,2
d2,DK2,raw,spread_signal_quantile,4319,-654630.935239048,-151.57002436653113,36145.83810669332,0,2
d2,DK2,raw,scenario_median,4319,-661476.5688150638,-153.1550286675304,15346.639889555807,0,2
d2,DK2,raw,scenario_q75,4319,-912270.2404690925,-211.22256088656923,206551.16249535372,1,2
d2,DK2,raw,online_profit_quantile,4319,-1001466.905094872,-231.87471754917158,364885.31626688916,1,2
d2,DK2,raw,online_risk_adjusted_quantile,4319,-2029585.366361789,-469.9202052238455,105104.35378681947,0,2
exact,DK1,gated,scenario_q25,937,-245182.71552942222,-261.6677860506107,75929.55524579296,0,1
exact,DK1,gated,online_profit_quantile,937,-469993.8001027977,-501.5942370360701,110489.93542354353,0,1
exact,DK1,gated,online_risk_adjusted_quantile,937,-494042.5094589325,-527.2598820266088,35676.19095569567,0,1
exact,DK1,gated,scenario_median,937,-495406.3140419167,-528.7153831824085,17786.463132638688,0,1
exact,DK1,gated,spread_signal_quantile,937,-674873.6132830206,-720.2493204728074,17335.863361586245,0,1
exact,DK1,gated,scenario_q75,937,-735438.9465825917,-784.8868159899591,58099.52303743767,0,1
exact,DK1,raw,scenario_q25,937,189788.7943606816,202.54940700179466,74508.50907168104,1,1
exact,DK1,raw,scenario_median,937,105588.30454699059,112.68762491674556,6244.369305435258,1,1
exact,DK1,raw,scenario_q75,937,17151.158937923057,18.304331844101448,17535.68552052079,1,1
exact,DK1,raw,spread_signal_quantile,937,-63891.38305440475,-68.1871750847436,8514.618600242486,0,1
exact,DK1,raw,online_profit_quantile,937,-184347.18710652436,-196.74192860888405,79229.00608558854,0,1
exact,DK1,raw,online_risk_adjusted_quantile,937,-303251.6260948417,-323.6410097063412,34318.06543566853,0,1
exact,DK2,gated,online_profit_quantile,937,1894232.8198280074,2021.593190851662,42035.89697922369,1,1
exact,DK2,gated,online_risk_adjusted_quantile,937,1568340.934679317,1673.7896848231771,32977.5971539031,1,1
exact,DK2,gated,scenario_q25,937,1527103.2878621374,1629.7793893939568,14074.66965759181,1,1
exact,DK2,gated,scenario_median,937,401022.1253563318,427.9851924827447,-711.4546552679468,1,1
exact,DK2,gated,spread_signal_quantile,937,375115.25762170984,400.3364542387512,3864.9141691573577,1,1
exact,DK2,gated,scenario_q75,937,-305179.54809467733,-325.6985571981615,22348.425029889637,0,1
exact,DK2,raw,online_profit_quantile,937,1894232.8198280074,2021.593190851662,42035.89697922369,1,1
exact,DK2,raw,online_risk_adjusted_quantile,937,1568340.934679317,1673.7896848231771,32977.5971539031,1,1
exact,DK2,raw,scenario_q25,937,1527103.2878621374,1629.7793893939568,14074.66965759181,1,1
exact,DK2,raw,scenario_median,937,401022.1253563318,427.9851924827447,-711.4546552679468,1,1
exact,DK2,raw,spread_signal_quantile,937,375115.25762170984,400.3364542387512,3864.9141691573577,1,1
exact,DK2,raw,scenario_q75,937,-305179.54809467733,-325.6985571981615,22348.425029889637,0,1
