panel,fold_id,price_area,scenario_stream,nomination_method,hours,days,folds,total_actual_mwh,total_nominated_mwh,total_absolute_imbalance_mwh,mean_absolute_imbalance_mwh,mean_signed_imbalance_mwh,gross_revenue_eur,perfect_nomination_revenue_eur,total_incremental_revenue_vs_perfect_eur,settlement_shortfall_eur_per_actual_mwh,incremental_eur_per_actual_mwh,gross_revenue_capture_pct,mean_hourly_incremental_eur,median_hourly_incremental_eur,positive_incremental_hours_pct,hourly_downside_cvar_5pct_eur,worst_hour_incremental_eur,worst_day_incremental_eur,mean_within_hour_spread_std_eur_per_mwh
d2,2,DK1,gated,online_profit_quantile,2160,90,1,5195760.956149,4538183.124906249,1425376.5828408794,659.8965661300368,304.43418113090297,452787699.99085,457730009.0825814,-4942309.091731422,0.9512194909356585,-0.9512194909356585,98.92025670293343,-2288.106060986769,-1209.3854593764406,43.28703703703704,-134233.24286396068,-930607.0877558597,-1638120.3443526851,34.44339589204677
d2,2,DK1,gated,online_risk_adjusted_quantile,2160,90,1,5195760.956149,4433669.899104573,1275237.3824307662,590.3876770512807,352.8199338168646,451629595.40207,457730009.0825814,-6100413.680511462,1.1741136153101572,-1.1741136153101572,98.6672462894145,-2824.2655928293802,-1601.509486913691,41.71296296296296,-114304.35107207292,-709714.7641520334,-1638120.3443526851,34.44339589204677
d2,2,DK1,gated,point_centre,2160,90,1,5195760.956149,5117923.934566158,786541.7055898738,364.13967851383046,36.03565814020495,444789655.1328746,457730009.0825814,-12940353.9497068,2.490559911997558,-2.490559911997558,97.17292864943619,-5990.904606345741,-802.3481680900268,42.638888888888886,-91749.75517908337,-364990.70058419346,-1012080.0715850869,34.44339589204677
d2,2,DK1,gated,scenario_median,2160,90,1,5195760.956149,5242977.11809173,807636.7248254146,373.9058911228771,-21.859334232745795,444647049.81369543,457730009.0825814,-13082959.268885951,2.5180063862258195,-2.5180063862258195,97.14177375105734,-6056.9255874472,-594.9771599168223,43.24074074074074,-104208.13189032311,-566156.8165926631,-1069287.1831549644,34.44339589204677
d2,2,DK1,gated,scenario_q25,2160,90,1,5195760.956149,4685701.7372174375,895773.3204420467,414.7098705750216,236.13852728313083,444161488.56479734,457730009.0825814,-13568520.517784044,2.611459732712718,-2.611459732712718,97.03569347682073,-6281.722461937057,-1927.6440473071034,38.88888888888889,-85096.42563550221,-311892.00543222314,-1250783.6262690146,34.44339589204677
d2,2,DK1,gated,scenario_q75,2160,90,1,5195760.956149,5880657.085676397,992425.5847873333,459.456289253395,-317.08154144786914,445828193.93042237,457730009.0825814,-11901815.15215901,2.290677968560819,-2.290677968560819,97.39981759640064,-5510.099607481023,-1.4738938315385655e-05,49.675925925925924,-143147.64271441376,-726490.877850198,-1433175.1132865765,34.44339589204677
d2,2,DK1,gated,spread_signal_quantile,2160,90,1,5195760.956149,5277968.355642531,829114.3026601144,383.8492141944974,-38.05898124700466,445697436.09691244,457730009.0825814,-12032572.985668967,2.315844221322161,-2.315844221322161,97.37125101109591,-5570.6356415134105,-805.3718431752836,42.824074074074076,-102165.8082948667,-491176.20204557816,-1019269.5886301142,34.44339589204677
d2,2,DK1,raw,online_profit_quantile,2160,90,1,5195760.956149,4524943.4329275265,1316055.409584638,609.2849118447398,310.56366815808946,452224841.36016625,457730009.0825814,-5505167.722415055,1.0595498462838024,-1.0595498462838024,98.79728931615189,-2548.6887603773403,-1044.9963557415863,43.56481481481482,-122103.1755843601,-793869.5225403896,-1622026.6759708836,34.44339589204677
d2,2,DK1,raw,online_risk_adjusted_quantile,2160,90,1,5195760.956149,4485847.076070152,1196326.969120856,553.8550782966926,328.6638333698367,451641067.3687906,457730009.0825814,-6088941.713790697,1.171905667943528,-1.171905667943528,98.66975256308959,-2818.9544971253226,-1531.878862502401,41.85185185185185,-108635.46654933698,-592664.1947260419,-1622026.6759708836,34.44339589204677
d2,2,DK1,raw,point_centre,2160,90,1,5195760.956149,5117923.934566158,786541.7055898738,364.13967851383046,36.03565814020495,444789655.1328746,457730009.0825814,-12940353.9497068,2.490559911997558,-2.490559911997558,97.17292864943619,-5990.904606345741,-802.3481680900268,42.638888888888886,-91749.75517908337,-364990.70058419346,-1012080.0715850869,34.44339589204677
d2,2,DK1,raw,scenario_median,2160,90,1,5195760.956149,5240611.434231242,794954.288577961,368.03439286016715,-20.764110223260413,444855224.16736674,457730009.0825814,-12874784.915214626,2.477940194684625,-2.477940194684625,97.18725347699633,-5960.548571858623,-585.4201289405562,44.120370370370374,-100966.64125197713,-426043.7852159191,-935704.5902368618,34.44339589204677
d2,2,DK1,raw,scenario_q25,2160,90,1,5195760.956149,4727424.426054351,852160.4136262713,394.5187100121626,216.82246763641157,444494415.28897333,457730009.0825814,-13235593.793608045,2.5473831273827536,-2.5473831273827536,97.10842777817082,-6127.589719262984,-1439.3604357033182,39.25925925925926,-81684.57079669133,-289262.69969897234,-1234689.9578872132,34.44339589204677
d2,2,DK1,raw,scenario_q75,2160,90,1,5195760.956149,5826570.306992514,961695.6113934584,445.2294497191937,-292.04136613125655,445758632.3450207,457730009.0825814,-11971376.73756064,2.304066110545932,-2.304066110545932,97.3846205186427,-5542.304045166962,0.0002974704957944015,50.37037037037037,-137731.20827422861,-684857.6205234133,-1097634.3023714374,34.44339589204677
d2,2,DK1,raw,spread_signal_quantile,2160,90,1,5195760.956149,5266115.531290152,802168.5663315923,371.37433626462604,-32.571562565348195,445804809.5857414,457730009.0825814,-11925199.49683993,2.295178626862515,-2.295178626862515,97.3947088326716,-5520.925692981449,-636.9696785597057,43.19444444444444,-98267.9732903966,-468365.1627549958,-870462.815399078,34.44339589204677
d2,2,DK2,gated,online_profit_quantile,2160,90,1,1748446.974208,2048281.2242614855,579019.3801752968,268.06452785893373,-138.81215280253952,155519499.3242641,161593545.99693874,-6074046.672674629,3.4739667615176093,-3.4739667615176093,96.24115763089344,-2812.0586447567725,0.302519572608903,52.083333333333336,-95884.97366940702,-861176.3799427317,-1418575.0878123704,46.188412952085955
d2,2,DK2,gated,online_risk_adjusted_quantile,2160,90,1,1748446.974208,1675937.2354592863,357069.9070290526,165.3101421430799,33.56932349477497,154895031.8404891,161593545.99693874,-6698514.15644966,3.831122278949242,-3.831122278949242,95.85471429869077,-3101.163961319287,-566.0939532123864,41.2962962962963,-52825.059752003755,-277167.17807207885,-534358.1002099857,46.188412952085955
d2,2,DK2,gated,point_centre,2160,90,1,1748446.974208,1717028.9885136243,281196.5703247717,130.1835973725795,14.545363747396143,154929428.58285913,161593545.99693874,-6664117.414079625,3.811449539153621,-3.811449539153621,95.87600026166525,-3085.239543555382,-266.69472342976667,43.00925925925926,-53452.79394321231,-387845.7199146555,-616305.5887093056,46.188412952085955
d2,2,DK2,gated,scenario_median,2160,90,1,1748446.974208,1797184.1568602342,291580.9265436898,134.9911696961527,-22.56351048714557,155170929.67906097,161593545.99693874,-6422616.317877777,3.673326336240223,-3.673326336240223,96.02544997805826,-2973.4334804989708,-68.39452515197172,45.87962962962963,-58207.207638746964,-462786.81890989665,-672346.9193285181,46.188412952085955
d2,2,DK2,gated,scenario_q25,2160,90,1,1748446.974208,1562595.7215438804,325295.08452560526,150.5995761692617,86.0422466037591,154263026.66497713,161593545.99693874,-7330519.331961596,4.192588874639522,-4.192588874639522,95.46360636698914,-3393.7589499822207,-932.8955552735883,35.833333333333336,-47821.62889464482,-224433.2082516182,-589499.4626715105,46.188412952085955
d2,2,DK2,gated,scenario_q75,2160,90,1,1748446.974208,2103641.686567948,426861.24186388066,197.62094530735214,-164.44199646293913,156695475.47627717,161593545.99693874,-4898070.520661589,2.801383509431439,-2.801383509431439,96.96889471021674,-2267.625241047032,604.573135855776,58.7037037037037,-87516.56175657517,-705137.2733014754,-931607.718879951,46.188412952085955
d2,2,DK2,gated,spread_signal_quantile,2160,90,1,1748446.974208,1835691.2324968213,310966.74671275774,143.96608644109153,-40.3908603188988,154994750.30396134,161593545.99693874,-6598795.692977393,3.774089686629743,-3.774089686629743,95.91642373322112,-3054.9980060080525,-38.354060785545656,46.85185185185185,-62131.958187185264,-363551.27594626823,-569149.2752263087,46.188412952085955
d2,2,DK2,raw,online_profit_quantile,2160,90,1,1748446.974208,2017872.6621016436,524908.8259764707,243.01334535947717,-124.73411476557567,155145176.27195957,161593545.99693874,-6448369.724979171,3.6880556402919282,-3.6880556402919282,96.00951282726271,-2985.3563541570234,0.0001555511562778513,51.342592592592595,-90606.66862376558,-822424.1538776808,-1278849.4184508412,46.188412952085955
d2,2,DK2,raw,online_risk_adjusted_quantile,2160,90,1,1748446.974208,1724355.752012152,330976.33666893083,153.2297854948754,11.153343609188838,153848999.15095353,161593545.99693874,-7744546.845985195,4.4293861696853964,-4.4293861696853964,95.2073909894075,-3585.4383546227755,-458.18894275047717,42.407407407407405,-60804.48187259761,-511218.5781142271,-726897.9544512717,46.188412952085955
d2,2,DK2,raw,point_centre,2160,90,1,1748446.974208,1717028.9885136243,281196.5703247717,130.1835973725795,14.545363747396143,154929428.58285913,161593545.99693874,-6664117.414079625,3.811449539153621,-3.811449539153621,95.87600026166525,-3085.239543555382,-266.69472342976667,43.00925925925926,-53452.79394321231,-387845.7199146555,-616305.5887093056,46.188412952085955
d2,2,DK2,raw,scenario_median,2160,90,1,1748446.974208,1799560.6865828927,291630.37665760773,135.014063267411,-23.663755729116996,154908806.08190656,161593545.99693874,-6684739.915032193,3.8232442925872556,-3.8232442925872556,95.86323830336713,-3094.786997700089,-83.73667818087291,45.46296296296296,-59078.29403404543,-566189.8123685803,-777013.6760388813,46.188412952085955
d2,2,DK2,raw,scenario_q25,2160,90,1,1748446.974208,1580458.5415815418,316815.32375559007,146.67376099795837,77.77242251224921,154062184.45721555,161593545.99693874,-7531361.53972321,4.307457790153869,-4.307457790153869,95.33931785873065,-3486.74145357556,-923.0460491024385,36.388888888888886,-50261.48984282292,-327836.20171030186,-614696.9266716249,46.188412952085955
d2,2,DK2,raw,scenario_q75,2160,90,1,1748446.974208,2083476.0081486492,413771.5290686516,191.5608930873387,-155.10603423178196,156295849.60693046,161593545.99693874,-5297696.390008282,3.0299439835217177,-3.0299439835217177,96.72159159740907,-2452.637217596427,699.7118024453297,58.24074074074074,-85611.97968386237,-808540.2667601592,-1017938.9309619733,46.188412952085955
d2,2,DK2,raw,spread_signal_quantile,2160,90,1,1748446.974208,1834523.5102389564,303300.1749184106,140.4167476474123,-39.85024816247986,154732783.34205663,161593545.99693874,-6860762.654882115,3.92391805761788,-3.92391805761788,95.7543089901548,-3176.279006889868,-0.0003553820875238227,48.00925925925926,-62250.241065326285,-466954.26940495183,-673816.031936672,46.188412952085955
d2,3,DK1,gated,online_profit_quantile,2159,90,1,3211920.790468,3514949.5187652977,1098787.0809315594,508.93333994050926,-140.35605757169876,248172487.6865214,257072921.63928118,-8900433.952759821,2.7710627171048525,-2.7710627171048525,96.53777850424532,-4122.47982990265,-224.8878054519916,46.734599351551644,-129040.3817390797,-1124504.2989720327,-1669227.5575482624,38.22941364022903
d2,3,DK1,gated,online_risk_adjusted_quantile,2159,90,1,3211920.790468,3150368.1271257517,847080.1712041914,392.3483887004129,28.50980238177321,247667820.65166822,257072921.63928118,-9405100.987613024,2.9281858430396204,-2.9281858430396204,96.34146571033646,-4356.2301934289135,-601.2604311921591,44.32607688744789,-97171.81784129214,-551678.405006721,-1131937.3768800534,38.22941364022903
d2,3,DK1,gated,point_centre,2159,90,1,3211920.790468,3142778.82116302,736529.1080032628,341.14363501772243,32.02499736219545,248513272.62220517,257072921.63928118,-8559649.017076049,2.6649626735747884,-2.6649626735747884,96.67034203272225,-3964.6359504752427,-435.47588235619645,44.928207503473836,-87857.04482294516,-501374.61374683084,-960406.3731013717,38.22941364022903
d2,3,DK1,gated,scenario_median,2159,90,1,3211920.790468,3206321.9085410433,750581.3236144218,347.6523036657813,2.5932755567190657,248187302.76573616,257072921.63928118,-8885618.87354503,2.7664501876617984,-2.7664501876617984,96.54354149130762,-4115.617820076438,-405.74520484745983,44.97452524316813,-88874.49084214878,-598467.3155481432,-1082229.3429237935,38.22941364022903
d2,3,DK1,gated,scenario_q25,2159,90,1,3211920.790468,2697575.855419705,865621.1906881174,400.9361698416477,238.2329481465007,246889180.48962104,257072921.63928118,-10183741.149660127,3.1706078119617276,-3.1706078119617276,96.03857882630294,-4716.878716841189,-765.2927245916519,43.44603983325614,-92530.0998912322,-412522.4243605307,-1189485.6861211034,38.22941364022903
d2,3,DK1,gated,scenario_q75,2159,90,1,3211920.790468,3834820.544766239,924135.7644681088,428.03879780829493,-288.5130867523107,249048819.6155739,257072921.63928118,-8024102.023707299,2.498225375769036,-2.498225375769036,96.87866696634565,-3716.5826881460393,6.267888931305461e-06,50.069476609541454,-119706.47439107274,-755545.6585593966,-1350524.1619158443,38.22941364022903
d2,3,DK1,gated,spread_signal_quantile,2159,90,1,3211920.790468,3267278.8058481445,767772.2592194219,355.61475647032046,-25.640581463707456,247577568.42019907,257072921.63928118,-9495353.219082156,2.9562849891135126,-2.9562849891135126,96.30635807204705,-4398.032987069086,-274.1754871106613,45.80824455766558,-96251.89783716042,-598467.3155481432,-1102425.6114458237,38.22941364022903
d2,3,DK1,raw,online_profit_quantile,2159,90,1,3211920.790468,3546267.99483612,998813.009115508,462.62760959495506,-154.8620677944047,250355345.39817137,257072921.63928118,-6717576.2411098685,2.091451402240548,-2.091451402240548,97.38689855070159,-3111.4294771236073,-279.07185010851515,46.780917091245946,-114175.63349827829,-1160221.0279793204,-1725843.9087500183,38.22941364022903
d2,3,DK1,raw,online_risk_adjusted_quantile,2159,90,1,3211920.790468,3200036.1517200135,799561.3774853072,370.3387575198273,5.504696038900541,248792785.94825524,257072921.63928118,-8280135.691025984,2.5779389440732468,-2.5779389440732468,96.77907123075201,-3835.171695704485,-446.112590749521,44.650301065308014,-94909.43869694826,-522719.4220423761,-969400.0215576089,38.22941364022903
d2,3,DK1,raw,point_centre,2159,90,1,3211920.790468,3142778.82116302,736529.1080032628,341.14363501772243,32.02499736219545,248513272.62220517,257072921.63928118,-8559649.017076049,2.6649626735747884,-2.6649626735747884,96.67034203272225,-3964.6359504752427,-435.47588235619645,44.928207503473836,-87857.04482294516,-501374.61374683084,-960406.3731013717,38.22941364022903
d2,3,DK1,raw,scenario_median,2159,90,1,3211920.790468,3232305.6592843286,731361.0329525762,338.74989946853924,-9.441810475372026,248636655.0436708,257072921.63928118,-8436266.595610429,2.626548768153527,-2.626548768153527,96.71833713881077,-3907.488001672269,-353.11633276380275,45.43770264011116,-89058.37849019663,-522719.4220423761,-969400.0215576089,38.22941364022903
d2,3,DK1,raw,scenario_q25,2159,90,1,3211920.790468,2755950.14802329,833085.634378549,385.86643556208844,211.1952952499815,247430473.77503973,257072921.63928118,-9642447.864241492,3.0020814625495538,-3.0020814625495538,96.24913903698831,-4466.163901918246,-810.5234076393446,43.81658175081056,-90168.44466133506,-336774.5308547635,-1116459.9936313184,38.22941364022903
d2,3,DK1,raw,scenario_q75,2159,90,1,3211920.790468,3808826.4172814162,896594.5984216894,415.28235221013864,-276.4731944480854,249379320.82042587,257072921.63928118,-7693600.818855333,2.3953270708566636,-2.3953270708566636,97.00723017819404,-3563.502000396171,0.0003247892499900584,50.62528948587309,-117006.3930824523,-789092.7145367014,-1250902.2172911796,38.22941364022903
d2,3,DK1,raw,spread_signal_quantile,2159,90,1,3211920.790468,3291033.7879540846,742297.1512519849,343.81526227512035,-36.643352239965125,248065558.07210177,257072921.63928118,-9007363.567179464,2.8043542026038026,-2.8043542026038026,96.49618345263983,-4172.007210365662,-291.54994597898036,45.53033811949977,-94887.83681977277,-583976.3970847127,-989596.2900796391,38.22941364022903
d2,3,DK2,gated,online_profit_quantile,2159,90,1,893446.121543,902206.9119666477,416632.7751465523,192.97488427353048,-4.057800103588615,60194626.66959184,70133677.16004658,-9939050.490454735,11.124398271817206,-11.124398271817206,85.82841953691718,-4603.543534254161,-135.5333433825001,44.696618805002316,-93553.42519569595,-1855154.277080851,-3098492.4709615544,50.450479439268854
d2,3,DK2,gated,online_risk_adjusted_quantile,2159,90,1,893446.121543,814767.8735707195,354842.4902298239,164.35502094943212,36.44198609183907,60361967.8027492,70133677.16004658,-9771709.357297368,10.937099755295176,-10.937099755295176,86.06702264448772,-4526.034903796835,-213.65773272010463,42.380731820287174,-86840.86733367987,-2181764.410398134,-3744089.5912628663,50.450479439268854
d2,3,DK2,gated,point_centre,2159,90,1,893446.121543,880478.2506733862,289112.6744007927,133.9104559521967,6.006424673281055,61358592.36359176,70133677.16004658,-8775084.7964548,9.821616082791929,-9.821616082791929,87.4880583026755,-4064.4209339762856,-65.02008544598229,44.78925428439092,-85300.21896146068,-2611187.7654142487,-4505580.517248645,50.450479439268854
d2,3,DK2,gated,scenario_median,2159,90,1,893446.121543,904567.9716095018,297280.1413471472,137.6934420320274,-5.151389562992933,60773580.031442896,70133677.16004658,-9360097.12860367,10.47639796391817,-10.47639796391817,86.65391933287096,-4335.38542316057,-34.782348774692984,45.66929133858268,-91067.51365127905,-2926785.187462933,-4983944.402508064,50.450479439268854
d2,3,DK2,gated,scenario_q25,2159,90,1,893446.121543,737958.3762069315,324825.44466661115,150.4518039215429,72.0184091413008,62379349.07412209,70133677.16004658,-7754328.085924478,8.679122220075893,-8.679122220075893,88.94350275085543,-3591.629497880722,-212.59601309965146,41.36174154701251,-74299.49601394896,-2080970.289159619,-3455159.401028909,50.450479439268854
d2,3,DK2,gated,scenario_q75,2159,90,1,893446.121543,1107305.4786885746,356554.1376229819,165.14781733347934,-99.05482035459691,59127541.14805819,70133677.16004658,-11006136.011988383,12.318746197006886,-12.318746197006886,84.30691722199003,-5097.793428433712,0.0020981298221897093,51.92218619731357,-117061.4602226015,-3742536.0059603634,-6412276.015868756,50.450479439268854
d2,3,DK2,gated,spread_signal_quantile,2159,90,1,893446.121543,894222.4561224931,307845.3237408052,142.58699571135026,-0.35958062968656335,60959532.425917774,70133677.16004658,-9174144.7341288,10.268268575932549,-10.268268575932549,86.91905927990457,-4249.256477132376,-62.98350957247487,44.835572024085224,-89288.87581888736,-2926785.187462933,-4895783.754836095,50.450479439268854
d2,3,DK2,raw,online_profit_quantile,2159,90,1,893446.121543,920473.0527766673,410285.73501598276,190.03507874756033,-12.518263656168275,60141377.76939644,70133677.16004658,-9992299.390650125,11.183997724891588,-11.183997724891588,85.75249467121552,-4628.207221236742,-139.4415507684234,44.14080592867068,-94522.808830691,-1898234.3646521233,-3176035.4386199256,50.450479439268854
d2,3,DK2,raw,online_risk_adjusted_quantile,2159,90,1,893446.121543,811261.307502443,344437.26184345305,159.53555435083513,38.0661482355521,60409436.42913555,70133677.16004658,-9724240.73091102,10.883969941149953,-10.883969941149953,86.13470571531549,-4504.048508990746,-243.0576384117025,40.898564150069475,-81396.8074151861,-1898234.3646521233,-3176035.4386199256,50.450479439268854
d2,3,DK2,raw,point_centre,2159,90,1,893446.121543,880478.2506733862,289112.6744007927,133.9104559521967,6.006424673281055,61358592.36359176,70133677.16004658,-8775084.7964548,9.821616082791929,-9.821616082791929,87.4880583026755,-4064.4209339762856,-65.02008544598229,44.78925428439092,-85300.21896146068,-2611187.7654142487,-4505580.517248645,50.450479439268854
d2,3,DK2,raw,scenario_median,2159,90,1,893446.121543,925478.5749776228,294025.5079575125,136.18596941061256,-14.836708399547378,60717738.29572928,70133677.16004658,-9415938.864317294,10.538899478410373,-10.538899478410373,86.57429747647492,-4361.250052949187,-7.705500316064139,46.59564613246874,-91965.14846484057,-2969865.275034205,-5061487.370166436,50.450479439268854
d2,3,DK2,raw,scenario_q25,2159,90,1,893446.121543,756454.1335767773,313900.0078716177,145.39138854637224,63.45159238824584,62330013.918216646,70133677.16004658,-7803663.241829926,8.734341169171833,-8.734341169171833,88.8731582916695,-3614.4804269707856,-179.6005821751304,41.08383510884669,-74445.94575462973,-2124050.3767308914,-3532702.3686872805,50.450479439268854
d2,3,DK2,raw,scenario_q75,2159,90,1,893446.121543,1127353.0310581205,363088.8781522666,168.17456144153155,-108.34039347620218,59079901.099051334,70133677.16004658,-11053776.060995238,12.372067877920985,-12.372067877920985,84.23898972847198,-5119.859222322945,23.98975765130859,52.431681333950905,-119086.82696776258,-3785616.0935316356,-6489818.983527128,50.450479439268854
d2,3,DK2,raw,spread_signal_quantile,2159,90,1,893446.121543,914701.2161276275,303154.9079138471,140.41450111803942,-9.84487938148561,60900606.66915522,70133677.16004658,-9233070.490891358,10.334221916981019,-10.334221916981019,86.83504007665063,-4276.549555762555,-30.11289725772046,45.80824455766558,-90189.21031390164,-2969865.275034205,-4973326.722494465,50.450479439268854
exact,2,DK1,gated,online_profit_quantile,937,40,1,1103439.095299,844455.7624243147,376472.26115285733,401.7846970681508,276.396299759536,94719848.78527477,99055817.50580813,-4335968.720533369,3.929504346008737,-3.929504346008737,95.62270159420055,-4627.501302596978,-357.52578811794154,44.61045891141943,-98975.02182726347,-217037.03032571657,-1232002.7647502332,36.174692911855686
exact,2,DK1,gated,online_risk_adjusted_quantile,937,40,1,1103439.095299,1015405.4766779381,301658.51668500947,321.940786216659,93.95263460091975,94695800.07591864,99055817.50580813,-4360017.429889505,3.951298670189012,-3.951298670189012,95.59842365680962,-4653.166947587519,-239.6205856877108,44.823906083244395,-81006.72320365693,-178506.7995978623,-1081353.1579010887,36.174692911855686
exact,2,DK1,gated,point_centre,937,40,1,1103439.095299,1049041.964201283,265982.3257293138,283.8658759117543,58.054568941000134,95189842.58537757,99055817.50580813,-3865974.920430572,3.503568920931703,-3.503568920931703,96.09717529189655,-4125.907065560909,-231.9515835883775,45.14407684098185,-77701.43688273572,-373529.6843181647,-891399.7388479653,36.174692911855686
exact,2,DK1,gated,scenario_median,937,40,1,1103439.095299,1034948.884428402,283768.7888619525,302.84822717390875,73.09520904012597,94694436.27133565,99055817.50580813,-4361381.234472489,3.9525346283753717,-3.9525346283753717,95.59704685268308,-4654.622448743318,-348.7603949131272,44.18356456776948,-77776.95652165246,-307901.00146025105,-939712.2245513941,36.174692911855686
exact,2,DK1,gated,scenario_q25,937,40,1,1103439.095299,840605.438104319,341911.88097510673,364.90062003746715,280.5055039430959,94944659.86984813,99055817.50580813,-4111157.635959994,3.7257676055478077,-3.7257676055478077,95.84965553818287,-4387.57485161152,-272.8358529725,44.07684098185699,-88922.09466305339,-178506.7995978623,-1081353.1579010887,36.174692911855686
exact,2,DK1,gated,scenario_q75,937,40,1,1103439.095299,1246483.1032712786,324081.8487667515,345.8717702953591,-152.66169474095884,94454403.63879499,99055817.50580813,-4601413.867013164,4.17006601145151,-4.17006601145151,95.35472627163637,-4910.793881550869,-256.82339365844234,45.5709711846318,-85233.57672409262,-478671.0057182128,-816189.6719669966,36.174692911855686
exact,2,DK1,gated,spread_signal_quantile,937,40,1,1103439.095299,1053158.7402072297,283318.1890909,302.36733094012806,53.66099796346872,94514968.97209455,99055817.50580813,-4540848.533713592,4.115178221488658,-4.115178221488658,95.41586890295734,-4846.156386033716,-329.2835294199976,44.50373532550694,-79653.8822101328,-394928.47141095373,-953807.3171720975,36.174692911855686
exact,2,DK1,raw,online_profit_quantile,937,40,1,1103439.095299,896973.0889136016,345211.3318149023,368.4219122891167,220.34792570480082,95005495.39827104,99055817.50580813,-4050322.107537096,3.67063494921718,-3.67063494921718,95.91107094007921,-4322.648994169793,-430.99728378442325,42.79615795090715,-90820.00419450298,-185901.9863276336,-1135429.3706013097,36.174692911855686
exact,2,DK1,raw,online_risk_adjusted_quantile,937,40,1,1103439.095299,980963.6571042214,300300.39116498234,320.49134596049345,130.71017950349884,94886590.95928273,99055817.50580813,-4169226.546525413,3.77839299358491,-3.77839299358491,95.79103312505502,-4449.54807526725,-385.60509182532905,42.049092849519745,-84044.53009255142,-180081.80465436378,-1093398.9964213658,36.174692911855686
exact,2,DK1,raw,point_centre,937,40,1,1103439.095299,1049041.964201283,265982.3257293138,283.8658759117543,58.054568941000134,95189842.58537757,99055817.50580813,-3865974.920430572,3.503568920931703,-3.503568920931703,96.09717529189655,-4125.907065560909,-231.9515835883775,45.14407684098185,-77701.43688273572,-373529.6843181647,-891399.7388479653,36.174692911855686
exact,2,DK1,raw,scenario_median,937,40,1,1103439.095299,997322.9627247188,272226.69503474905,290.53009075213345,113.25094191492117,95295430.88992456,99055817.50580813,-3760386.615883581,3.40787872380453,-3.40787872380453,96.20377004544628,-4013.219440644163,-234.26451676142605,43.54322305229456,-78906.41598486075,-257866.4794404576,-951758.063071671,36.174692911855686
exact,2,DK1,raw,scenario_q25,937,40,1,1103439.095299,834431.0672216932,340490.83480099484,363.38402860298277,287.0950139565707,95379631.37973826,99055817.50580813,-3676186.1260698903,3.3315713950426513,-3.3315713950426513,96.28877311940379,-3923.3576585591145,-204.08712127875208,45.14407684098185,-87584.39755617062,-180409.12999683077,-1093398.9964213658,36.174692911855686
exact,2,DK1,raw,scenario_q75,937,40,1,1103439.095299,1172264.3784233953,283518.01124983456,302.5805883135908,-73.45281016477607,95206993.74431549,99055817.50580813,-3848823.761492649,3.4880255538251794,-3.4880255538251794,96.11448993264129,-4107.602733716808,-92.82287702927151,46.85165421558165,-78058.5946288439,-428636.48369841935,-828235.5104872735,36.174692911855686
exact,2,DK1,raw,spread_signal_quantile,937,40,1,1103439.095299,1014085.4348480038,274496.94432955625,292.95298220870467,95.3614305773706,95125951.20232317,99055817.50580813,-3929866.3034849763,3.561470968563151,-3.561470968563151,96.03267490750402,-4194.0942406456525,-247.44472517178946,44.18356456776948,-80775.65790128597,-344893.9493911603,-965853.1556923743,36.174692911855686
exact,2,DK2,gated,online_profit_quantile,937,40,1,308800.36656299996,244532.04728667683,151735.5762460012,161.9376480747078,68.589454937378,26427160.39683611,28953202.522832237,-2526042.1259961245,8.1801785215199,-8.1801785215199,91.27543102009489,-2695.8827385230784,-242.11257032826126,41.19530416221985,-57883.48252044851,-705567.9200919373,-800822.3425116928,47.02181766057687
exact,2,DK2,gated,online_risk_adjusted_quantile,937,40,1,308800.36656299996,230910.28132107417,142677.27642068063,152.27030567842115,83.12709204047582,26101268.51168742,28953202.522832237,-2851934.011144814,9.235526637767045,-9.235526637767045,90.14984954118356,-3043.6862445515626,-310.01052472000725,39.59445037353255,-60279.871955073926,-836978.945237263,-1102971.814822542,47.02181766057687
exact,2,DK2,gated,point_centre,937,40,1,308800.36656299996,318382.4883332892,109699.67926677752,117.07543144800162,-10.226383959753688,24532927.577008102,28953202.522832237,-4420274.945824131,14.314344879258194,-14.314344879258194,84.73303620786562,-4717.47592937474,-0.00011415098878502606,47.59871931696905,-90647.35878392732,-1423213.7914496246,-2818931.414899849,47.02181766057687
exact,2,DK2,gated,scenario_median,937,40,1,308800.36656299996,313486.64701321034,108988.22461150956,116.31614152775833,-5.0013665423803095,24933949.702364437,28953202.522832237,-4019252.8204678,13.0156996418196,-13.0156996418196,86.11810621882586,-4289.490736891996,-4.961880222063734,46.85165421558165,-82844.64865518974,-1332070.7537236775,-2473210.9193874933,47.02181766057687
exact,2,DK2,gated,scenario_q25,937,40,1,308800.36656299996,237238.86362290735,123774.34892436933,132.0964236119203,76.37300207053644,26060030.864870243,28953202.522832237,-2893171.6579619944,9.369068081633069,-9.369068081633069,90.00742092112102,-3087.6965399807837,-255.60566416035007,38.4204909284952,-59156.41024554834,-836978.945237263,-1102971.814822542,47.02181766057687
exact,2,DK2,gated,scenario_q75,937,40,1,308800.36656299996,396293.19244933274,132048.10429666715,140.92647203486356,-93.3754812020627,24227748.028913427,28953202.522832237,-4725454.493918809,15.302619444769165,-15.302619444769165,83.67899202102994,-5043.1744865729015,37.083970823207025,54.322305229455715,-109920.92134574444,-1906128.2728398987,-3531996.144886513,47.02181766057687
exact,2,DK2,gated,spread_signal_quantile,937,40,1,308800.36656299996,300309.8643092674,113564.59343593488,121.20020644176614,9.061368467163955,24908042.834629815,28953202.522832237,-4045159.688202422,13.099594839299352,-13.099594839299352,86.02862780028411,-4317.139475135989,-85.48989057174751,44.61045891141943,-82446.85998573687,-1332070.7537236775,-2417100.6275380184,47.02181766057687
exact,2,DK2,raw,online_profit_quantile,937,40,1,308800.36656299996,244532.04728667683,151735.5762460012,161.9376480747078,68.589454937378,26427160.39683611,28953202.522832237,-2526042.1259961245,8.1801785215199,-8.1801785215199,91.27543102009489,-2695.8827385230784,-242.11257032826126,41.19530416221985,-57883.48252044851,-705567.9200919373,-800822.3425116928,47.02181766057687
exact,2,DK2,raw,online_risk_adjusted_quantile,937,40,1,308800.36656299996,230910.28132107417,142677.2764206806,152.27030567842112,83.12709204047582,26101268.51168742,28953202.522832237,-2851934.011144814,9.235526637767045,-9.235526637767045,90.14984954118356,-3043.6862445515626,-310.01052472000725,39.59445037353255,-60279.871955073926,-836978.945237263,-1102971.814822542,47.02181766057687
exact,2,DK2,raw,point_centre,937,40,1,308800.36656299996,318382.4883332892,109699.67926677752,117.07543144800162,-10.226383959753688,24532927.577008102,28953202.522832237,-4420274.945824131,14.314344879258194,-14.314344879258194,84.73303620786562,-4717.47592937474,-0.00011415098878502606,47.59871931696905,-90647.35878392732,-1423213.7914496246,-2818931.414899849,47.02181766057687
exact,2,DK2,raw,scenario_median,937,40,1,308800.36656299996,313486.64701321034,108988.22461150956,116.31614152775833,-5.0013665423803095,24933949.702364437,28953202.522832237,-4019252.8204678,13.0156996418196,-13.0156996418196,86.11810621882586,-4289.490736891996,-4.961880222063734,46.85165421558165,-82844.64865518974,-1332070.7537236775,-2473210.9193874933,47.02181766057687
exact,2,DK2,raw,scenario_q25,937,40,1,308800.36656299996,237238.86362290735,123774.34892436933,132.0964236119203,76.37300207053644,26060030.864870243,28953202.522832237,-2893171.6579619944,9.369068081633069,-9.369068081633069,90.00742092112102,-3087.6965399807837,-255.60566416035007,38.4204909284952,-59156.41024554834,-836978.945237263,-1102971.814822542,47.02181766057687
exact,2,DK2,raw,scenario_q75,937,40,1,308800.36656299996,396293.19244933274,132048.10429666715,140.92647203486356,-93.3754812020627,24227748.028913427,28953202.522832237,-4725454.493918809,15.302619444769165,-15.302619444769165,83.67899202102994,-5043.1744865729015,37.083970823207025,54.322305229455715,-109920.92134574444,-1906128.2728398987,-3531996.144886513,47.02181766057687
exact,2,DK2,raw,spread_signal_quantile,937,40,1,308800.36656299996,300309.8643092674,113564.59343593488,121.20020644176614,9.061368467163955,24908042.834629815,28953202.522832237,-4045159.688202422,13.099594839299352,-13.099594839299352,86.02862780028411,-4317.139475135989,-85.48989057174751,44.61045891141943,-82446.85998573687,-1332070.7537236775,-2417100.6275380184,47.02181766057687
