panel,price_area,scenario_stream,nomination_method,days,folds,bootstrap_design,bootstrap_ci_lower_mean_daily_eur,bootstrap_ci_upper_mean_daily_eur,bootstrap_probability_outperformance,bootstrap_p_value_two_sided,mean_daily_delta_eur,hac_lags,hac_standard_error,hac_t_statistic,hac_p_value_two_sided,holm_hac_p_value,holm_bootstrap_p_value
d2,DK1,gated,online_profit_quantile,180,2,7_day_circular_blocks_within_fold,-35834.318731950094,145758.90313137174,0.823,0.3540000000000001,42540.33290162003,7,42426.909778191664,1.0026733769680927,0.31601847928840887,1.0,1.0
d2,DK1,gated,online_risk_adjusted_quantile,180,2,7_day_circular_blocks_within_fold,-35308.677397457555,117356.76167642722,0.788,0.42399999999999993,33302.71277032423,7,38427.79064546162,0.8666309514793126,0.38614424911430945,1.0,1.0
d2,DK1,gated,scenario_q75,180,2,7_day_circular_blocks_within_fold,-23212.583185822383,40588.70177874392,0.7032,0.5935999999999999,8744.921060647468,7,18235.69188813838,0.47954972667287193,0.6315476012528973,1.0,1.0
d2,DK1,gated,spread_signal_quantile,180,2,7_day_circular_blocks_within_fold,-14427.194552123587,13450.375665024614,0.4914,0.9828,-155.12909982374856,7,8026.794268883634,-0.019326407856884553,0.9845807174373302,1.0,1.0
d2,DK1,gated,scenario_median,180,2,7_day_circular_blocks_within_fold,-13308.433222781161,7329.756803876958,0.3204,0.6408,-2603.195420267401,7,5654.566650762894,-0.4603704547219701,0.6452503379558676,1.0,1.0
d2,DK1,gated,scenario_q25,180,2,7_day_circular_blocks_within_fold,-37589.99543990919,13604.304409230836,0.1598,0.3196,-12512.54833700735,7,13198.945124439231,-0.9479960874933145,0.34313144599656864,1.0,1.0
d2,DK1,raw,online_profit_quantile,180,2,7_day_circular_blocks_within_fold,-19064.694186905697,145155.76919969328,0.902,0.19599999999999995,51540.32779587735,7,40022.0395750819,1.2877986315311836,0.1978160687861148,1.0,1.0
d2,DK1,raw,online_risk_adjusted_quantile,180,2,7_day_circular_blocks_within_fold,-24182.857796523484,125788.5897803188,0.8542,0.2916000000000001,39616.25312203426,7,37363.21574334134,1.0603009493125453,0.28900770750669547,1.0,1.0
d2,DK1,raw,scenario_q75,180,2,7_day_circular_blocks_within_fold,-20676.448672810384,40797.73491504978,0.7444,0.5112000000000001,10194.585613149307,7,17100.7691518749,0.5961477827464614,0.5510765055032772,1.0,1.0
d2,DK1,raw,spread_signal_quantile,180,2,7_day_circular_blocks_within_fold,-6728.816571584348,12972.958939806766,0.7402,0.5196000000000001,3152.443904241418,7,5506.660925780213,0.5724783034093865,0.5669979806209289,1.0,1.0
d2,DK1,raw,scenario_median,180,2,7_day_circular_blocks_within_fold,-4413.789822288414,6756.149426325618,0.639,0.722,1049.7303108766387,7,3061.6211985515806,0.34286746883424196,0.7316981660404818,1.0,1.0
d2,DK1,raw,scenario_q25,180,2,7_day_circular_blocks_within_fold,-27985.203834321896,13075.65192555166,0.2204,0.4408,-7655.770505926047,7,10928.846032672644,-0.7005104183038648,0.48360860115248583,1.0,1.0
d2,DK2,gated,scenario_q25,180,2,7_day_circular_blocks_within_fold,-10672.414851087768,16579.477971525248,0.5858,0.8284,1968.6377369352797,7,7072.582231827664,0.278347804579227,0.7807453826770431,1.0,1.0
d2,DK2,gated,spread_signal_quantile,180,2,7_day_circular_blocks_within_fold,-10629.974268264608,6884.085599522603,0.3576,0.7152,-1854.101203176488,7,4422.146765276337,-0.41927627046105664,0.6750142367837172,1.0,1.0
d2,DK2,gated,scenario_median,180,2,7_day_circular_blocks_within_fold,-9908.313601612212,5067.133033315462,0.3092,0.6184,-1908.3957552612371,7,3909.9168784326375,-0.4880911320105232,0.6254852921420999,1.0,1.0
d2,DK2,gated,scenario_q75,180,2,7_day_circular_blocks_within_fold,-30965.250343298463,20874.82341517025,0.431,0.862,-2583.3573450863737,7,13913.007207058308,-0.18567929324264218,0.8526962675265068,1.0,1.0
d2,DK2,gated,online_profit_quantile,180,2,7_day_circular_blocks_within_fold,-35687.44258602855,29553.184865865125,0.4256,0.8512,-3188.3052921941076,7,16596.048345302406,-0.19211231648988136,0.8476542274453978,1.0,1.0
d2,DK2,gated,online_risk_adjusted_quantile,180,2,7_day_circular_blocks_within_fold,-21291.0510336306,10644.905960092325,0.2404,0.4808,-5727.896128958915,7,8077.509554218254,-0.7091166021546432,0.4782521211173444,1.0,1.0
d2,DK2,raw,scenario_q25,180,2,7_day_circular_blocks_within_fold,-10255.021440817103,13526.888527462606,0.5074,0.9852000000000001,578.7634943404972,7,6473.794149086019,0.08940097275447166,0.928763250422348,1.0,1.0
d2,DK2,raw,spread_signal_quantile,180,2,7_day_circular_blocks_within_fold,-11978.665329575826,3795.9157716219934,0.179,0.358,-3636.8385291058225,7,3928.1953754602628,-0.9258293393005428,0.3545346773353225,1.0,1.0
d2,DK2,raw,scenario_median,180,2,7_day_circular_blocks_within_fold,-11501.056432340498,2515.0986096986926,0.154,0.308,-3674.8698267503523,7,3644.509250584211,-1.008330497764898,0.31329582659853594,1.0,1.0
d2,DK2,raw,scenario_q75,180,2,7_day_circular_blocks_within_fold,-34248.8297678158,18779.11155515815,0.3702,0.7404,-5068.168002606072,7,13851.421344776449,-0.3658951580819065,0.7144433095067206,1.0,1.0
d2,DK2,raw,online_profit_quantile,180,2,7_day_circular_blocks_within_fold,-36636.50966112127,25914.282889810886,0.3706,0.7412,-5563.705028304844,7,15772.277156482549,-0.3527521722516847,0.7242742425780031,1.0,1.0
d2,DK2,raw,online_risk_adjusted_quantile,180,2,7_day_circular_blocks_within_fold,-31338.565041365626,10248.531813638385,0.137,0.274,-11275.474257565495,7,10585.992262451771,-1.0651315415711475,0.2868164075725935,1.0,1.0
exact,DK1,gated,scenario_q25,40,1,7_day_circular_blocks_within_fold,-45846.5424728365,28854.22585873183,0.4036,0.8072,-6129.567888235551,7,21472.948901951062,-0.2854553380732262,0.7752953165673947,1.0,1.0
exact,DK1,gated,online_profit_quantile,40,1,7_day_circular_blocks_within_fold,-54006.3068838147,30029.192256935177,0.3006,0.6012,-11749.845002569946,7,21802.495595315937,-0.5389220216191347,0.5899406614044758,1.0,1.0
exact,DK1,gated,online_risk_adjusted_quantile,40,1,7_day_circular_blocks_within_fold,-40738.27146251806,10616.275611633177,0.1764,0.3528,-12351.062736473312,7,13730.330988759264,-0.8995458846975262,0.36836196684448197,1.0,1.0
exact,DK1,gated,scenario_median,40,1,7_day_circular_blocks_within_fold,-35030.06254784664,6921.1104536328285,0.1272,0.2544,-12385.15785104792,7,10174.481535667604,-1.2172765568083819,0.22349901072402123,1.0,1.0
exact,DK1,gated,spread_signal_quantile,40,1,7_day_circular_blocks_within_fold,-39490.72342426162,1645.9060193138062,0.0428,0.0856,-16871.84033207551,7,9291.365661588128,-1.81586226896937,0.06939150243923681,0.41634901463542084,0.5136
exact,DK1,gated,scenario_q75,40,1,7_day_circular_blocks_within_fold,-58486.08687635617,20721.132693356456,0.1696,0.3392,-18385.9736645648,7,21143.80002408335,-0.8695680834865392,0.3845364861170235,1.0,1.0
exact,DK1,raw,scenario_q25,40,1,7_day_circular_blocks_within_fold,-31932.808077962807,36278.09663277259,0.628,0.744,4744.719859017044,7,19789.005174703332,0.2397654564809711,0.8105120876502594,1.0,1.0
exact,DK1,raw,scenario_median,40,1,7_day_circular_blocks_within_fold,-6909.271462855945,11459.006770196109,0.7218,0.5564,2639.7076136747646,7,5412.397883158839,0.48771499632139964,0.6257517280972853,1.0,1.0
exact,DK1,raw,scenario_q75,40,1,7_day_circular_blocks_within_fold,-20612.528656989394,23759.765200971655,0.505,0.99,428.77897344807644,7,12887.378091909406,0.03327123410131503,0.9734582929164701,1.0,1.0
exact,DK1,raw,spread_signal_quantile,40,1,7_day_circular_blocks_within_fold,-10101.228157924761,6372.774300710098,0.3696,0.7392,-1597.2845763601206,7,4508.394326644108,-0.35429123111976846,0.723120638676918,1.0,1.0
exact,DK1,raw,online_profit_quantile,40,1,7_day_circular_blocks_within_fold,-43402.25857808076,32899.79046921214,0.4098,0.8196,-4608.679677663111,7,19032.071433150144,-0.24215334068343675,0.808661347925099,1.0,1.0
exact,DK1,raw,online_risk_adjusted_quantile,40,1,7_day_circular_blocks_within_fold,-35502.344593241556,17399.51136697,0.3096,0.6192,-7581.290652371036,7,13305.955564791311,-0.5697667195305969,0.5688359307690096,1.0,1.0
exact,DK2,gated,online_profit_quantile,40,1,7_day_circular_blocks_within_fold,-11433.29018356177,148089.9080016814,0.825,0.3500000000000001,47355.82049570019,7,42619.50545724265,1.1111302204857625,0.26651230150560457,1.0,1.0
exact,DK2,gated,online_risk_adjusted_quantile,40,1,7_day_circular_blocks_within_fold,-12291.261097441187,122938.39430646341,0.822,0.3560000000000001,39208.52336698293,7,35479.7319155837,1.1050963817954171,0.269117828239657,1.0,1.0
exact,DK2,gated,scenario_q25,40,1,7_day_circular_blocks_within_fold,-11165.616035720966,124205.92268797476,0.7568,0.48639999999999994,38177.582196553434,7,37172.87371197449,1.0270280014497586,0.3044072789999369,1.0,1.0
exact,DK2,gated,scenario_median,40,1,7_day_circular_blocks_within_fold,-521.4233002153835,27600.807026711755,0.945,0.1100000000000001,10025.553133908297,7,7616.12762305535,1.316358342467791,0.18805379734924355,1.0,0.6600000000000006
exact,DK2,gated,spread_signal_quantile,40,1,7_day_circular_blocks_within_fold,-3453.134401828093,28761.81109366423,0.8304,0.33919999999999995,9377.881440542746,7,8410.029519957727,1.1150830586608789,0.2648148305780669,1.0,1.0
exact,DK2,gated,scenario_q75,40,1,7_day_circular_blocks_within_fold,-47761.75303636414,25161.556920535524,0.3726,0.7452,-7629.488702366926,7,17867.993858152273,-0.426991903116531,0.6693852251734533,1.0,1.0
exact,DK2,raw,online_profit_quantile,40,1,7_day_circular_blocks_within_fold,-12287.31194718298,147263.22798087748,0.8294,0.34119999999999995,47355.82049570019,7,42619.50545724265,1.1111302204857625,0.26651230150560457,1.0,1.0
exact,DK2,raw,online_risk_adjusted_quantile,40,1,7_day_circular_blocks_within_fold,-12118.17304665374,121475.03077142702,0.8224,0.35519999999999996,39208.52336698293,7,35479.7319155837,1.1050963817954171,0.269117828239657,1.0,1.0
exact,DK2,raw,scenario_q25,40,1,7_day_circular_blocks_within_fold,-11530.080889355111,123905.58627237743,0.7586,0.4827999999999999,38177.582196553434,7,37172.87371197449,1.0270280014497586,0.3044072789999369,1.0,1.0
exact,DK2,raw,scenario_median,40,1,7_day_circular_blocks_within_fold,-551.6795119648377,27485.658786199216,0.9466,0.1068,10025.553133908297,7,7616.12762305535,1.316358342467791,0.18805379734924355,1.0,0.6408
exact,DK2,raw,spread_signal_quantile,40,1,7_day_circular_blocks_within_fold,-3292.9816198928766,29129.440708342114,0.839,0.32200000000000006,9377.881440542746,7,8410.029519957727,1.1150830586608789,0.2648148305780669,1.0,1.0
exact,DK2,raw,scenario_q75,40,1,7_day_circular_blocks_within_fold,-47908.50109514068,25323.906630200847,0.3612,0.7224,-7629.488702366926,7,17867.993858152273,-0.426991903116531,0.6693852251734533,1.0,1.0
