panel,price_area,scenario_stream,nomination_method,hours,days,folds,total_actual_mwh,total_nominated_mwh,total_absolute_imbalance_mwh,mean_absolute_imbalance_mwh,mean_signed_imbalance_mwh,gross_revenue_eur,perfect_nomination_revenue_eur,total_incremental_revenue_vs_perfect_eur,settlement_shortfall_eur_per_actual_mwh,incremental_eur_per_actual_mwh,gross_revenue_capture_pct,mean_hourly_incremental_eur,median_hourly_incremental_eur,positive_incremental_hours_pct,hourly_downside_cvar_5pct_eur,worst_hour_incremental_eur,worst_day_incremental_eur,mean_within_hour_spread_std_eur_per_mwh,commercial_rank,mean_daily_delta_eur,bootstrap_ci_lower_mean_daily_eur,bootstrap_ci_upper_mean_daily_eur,bootstrap_probability_outperformance,holm_hac_p_value,holm_bootstrap_p_value,inference_note
d2,DK1,gated,online_profit_quantile,4319,180,2,8407681.746617,8053132.643671546,2524163.6637724387,584.4324296764155,82.090554050811,700960187.6773714,714802930.7218626,-13842743.044491239,1.6464399416713347,-1.6464399416713347,98.06341825844058,-3205.080584508275,-673.2708353513603,45.01041907849039,-131673.06833508937,-1124504.2989720327,-1669227.5575482624,36.33596646818141,1,42540.33290162003,-35834.318731950094,145758.90313137174,0.823,1.0,1.0,commercial ranking is exploratory
d2,DK1,gated,online_risk_adjusted_quantile,4319,180,2,8407681.746617,7584038.026230325,2122317.5536349574,491.39095939684125,190.7024126850372,699297416.0537381,714802930.7218626,-15505514.668124486,1.844208086772961,-1.844208086772961,97.83079867167503,-3590.0705413578344,-942.3273887644901,43.01921741143783,-105915.47042566723,-709714.7641520334,-1638120.3443526851,36.33596646818141,2,33302.71277032423,-35308.677397457555,117356.76167642722,0.788,1.0,1.0,commercial ranking is exploratory
d2,DK1,gated,scenario_q75,4319,180,2,8407681.746617,9715477.630442634,1916561.3492554422,443.75118065650435,-302.8006213997768,694877013.5459963,714802930.7218626,-19925917.175866306,2.369965678575298,-2.369965678575298,97.21239011209096,-4613.548778853046,-2.143913296149483e-13,49.87265570733966,-131673.31377177688,-755545.6585593966,-1433175.1132865765,36.33596646818141,3,8744.921060647468,-23212.583185822383,40588.70177874392,0.7032,1.0,1.0,commercial ranking is exploratory
d2,DK1,raw,online_profit_quantile,4319,180,2,8407681.746617,8071211.4277636465,2314868.418700146,535.9732388747733,77.90468137377944,702580186.7583376,714802930.7218626,-12222743.963524923,1.4537591136157109,-1.4537591136157109,98.29005402213704,-2829.9939716427234,-591.9517602075,45.17249363278537,-118331.52790723165,-1160221.0279793204,-1725843.9087500183,36.33596646818141,1,51540.32779587735,-19064.694186905697,145155.76919969328,0.902,1.0,1.0,commercial ranking is exploratory
d2,DK1,raw,online_risk_adjusted_quantile,4319,180,2,8407681.746617,7685883.227790167,1995888.3466061633,462.11816314104266,167.12167604233238,700433853.3170459,714802930.7218626,-14369077.40481668,1.7090415453223318,-1.7090415453223318,97.98978476622841,-3326.945451450956,-794.2277618963552,43.25075248900208,-101958.89680517724,-592664.1947260419,-1622026.6759708836,36.33596646818141,2,39616.25312203426,-24182.857796523484,125788.5897803188,0.8542,1.0,1.0,commercial ranking is exploratory
d2,DK1,raw,scenario_q75,4319,180,2,8407681.746617,9635396.724273931,1858290.2098151478,430.2593678664385,-284.2590825785901,695137953.1654466,714802930.7218626,-19664977.556415975,2.3389298202597373,-2.3389298202597373,97.24889522535159,-4553.132103824028,0.0003040648050078602,50.49780041676314,-127604.17834873415,-789092.7145367014,-1250902.2172911796,36.33596646818141,3,10194.585613149307,-20676.448672810384,40797.73491504978,0.7444,1.0,1.0,commercial ranking is exploratory
d2,DK2,gated,scenario_q25,4319,180,2,2641893.0957510006,2300554.097750812,650120.5291922165,150.52570715263172,79.03195137767725,216642375.73909926,231727223.1569853,-15084847.417886075,5.709862916916388,-5.709862916916388,93.49025668526365,-3492.6713169451436,-494.09021340621973,38.59689742996064,-61154.51242177394,-2080970.289159619,-3455159.401028909,48.31895278673006,1,1968.6377369352797,-10672.414851087768,16579.477971525248,0.5858,1.0,1.0,commercial ranking is exploratory
d2,DK2,gated,point_centre,4319,180,2,2641893.0957510006,2597507.2391870106,570309.2447255645,132.04659521314298,10.27688274229902,216288020.94645086,231727223.1569853,-15439202.210534425,5.843992035622313,-5.843992035622313,93.33733775419427,-3574.7168813462436,-140.91184401059618,43.89905070618199,-69560.93096507379,-2611187.7654142487,-4505580.517248645,48.31895278673006,2,,,,,,,reference point nomination
d2,DK2,gated,spread_signal_quantile,4319,180,2,2641893.0957510006,2729913.6886193147,618812.070453563,143.27670073016046,-20.379854797016602,215954282.72987914,231727223.1569853,-15772940.427106192,5.970317441108449,-5.970317441108449,93.19331573898822,-3651.9889852063425,-59.58758255785242,45.843945357721694,-76027.57383279993,-2926785.187462933,-4895783.754836095,48.31895278673006,3,-1854.101203176488,-10629.974268264608,6884.085599522603,0.3576,1.0,1.0,commercial ranking is exploratory
d2,DK2,raw,scenario_q25,4319,180,2,2641893.0957510006,2336912.675158319,630715.3316272078,146.03272322926784,70.61366533750429,216392198.3754322,231727223.1569853,-15335024.781553138,5.8045591648718515,-5.8045591648718515,93.38229467706336,-3550.596152246617,-454.4344720512195,38.73581847649919,-62641.6309962283,-2124050.3767308914,-3532702.3686872805,48.31895278673006,1,578.7634943404972,-10255.021440817103,13526.888527462606,0.5074,1.0,1.0,commercial ranking is exploratory
d2,DK2,raw,point_centre,4319,180,2,2641893.0957510006,2597507.2391870106,570309.2447255645,132.04659521314298,10.27688274229902,216288020.94645086,231727223.1569853,-15439202.210534425,5.843992035622313,-5.843992035622313,93.33733775419427,-3574.7168813462436,-140.91184401059618,43.89905070618199,-69560.93096507379,-2611187.7654142487,-4505580.517248645,48.31895278673006,2,,,,,,,reference point nomination
d2,DK2,raw,spread_signal_quantile,4319,180,2,2641893.0957510006,2749224.726366584,606455.0828322577,140.41562464280105,-24.851037419676757,215633390.01121187,231727223.1569853,-16093833.145773472,6.091780614309279,-6.091780614309279,93.05483709401265,-3726.286905712774,-11.514967678953093,46.90900671451725,-76490.9048264565,-2969865.275034205,-4973326.722494465,48.31895278673006,3,-3636.8385291058225,-11978.665329575826,3795.9157716219934,0.179,1.0,1.0,commercial ranking is exploratory
exact,DK1,gated,point_centre,937,40,1,1103439.095299,1049041.964201283,265982.3257293138,283.8658759117543,58.054568941000134,95189842.58537757,99055817.50580813,-3865974.920430572,3.503568920931703,-3.503568920931703,96.09717529189655,-4125.907065560909,-231.9515835883775,45.14407684098185,-77701.43688273572,-373529.6843181647,-891399.7388479653,36.174692911855686,1,,,,,,,reference point nomination
exact,DK1,gated,scenario_q25,937,40,1,1103439.095299,840605.438104319,341911.88097510673,364.90062003746715,280.5055039430959,94944659.86984813,99055817.50580813,-4111157.635959994,3.7257676055478077,-3.7257676055478077,95.84965553818287,-4387.57485161152,-272.8358529725,44.07684098185699,-88922.09466305339,-178506.7995978623,-1081353.1579010887,36.174692911855686,2,-6129.567888235551,-45846.5424728365,28854.22585873183,0.4036,1.0,1.0,commercial ranking is exploratory
exact,DK1,gated,online_profit_quantile,937,40,1,1103439.095299,844455.7624243147,376472.26115285733,401.7846970681508,276.396299759536,94719848.78527477,99055817.50580813,-4335968.720533369,3.929504346008737,-3.929504346008737,95.62270159420055,-4627.501302596978,-357.52578811794154,44.61045891141943,-98975.02182726347,-217037.03032571657,-1232002.7647502332,36.174692911855686,3,-11749.845002569946,-54006.3068838147,30029.192256935177,0.3006,1.0,1.0,commercial ranking is exploratory
exact,DK1,raw,scenario_q25,937,40,1,1103439.095299,834431.0672216932,340490.83480099484,363.38402860298277,287.0950139565707,95379631.37973826,99055817.50580813,-3676186.1260698903,3.3315713950426513,-3.3315713950426513,96.28877311940379,-3923.3576585591145,-204.08712127875208,45.14407684098185,-87584.39755617062,-180409.12999683077,-1093398.9964213658,36.174692911855686,1,4744.719859017044,-31932.808077962807,36278.09663277259,0.628,1.0,1.0,commercial ranking is exploratory
exact,DK1,raw,scenario_median,937,40,1,1103439.095299,997322.9627247188,272226.69503474905,290.53009075213345,113.25094191492117,95295430.88992456,99055817.50580813,-3760386.615883581,3.40787872380453,-3.40787872380453,96.20377004544628,-4013.219440644163,-234.26451676142605,43.54322305229456,-78906.41598486075,-257866.4794404576,-951758.063071671,36.174692911855686,2,2639.7076136747646,-6909.271462855945,11459.006770196109,0.7218,1.0,1.0,commercial ranking is exploratory
exact,DK1,raw,scenario_q75,937,40,1,1103439.095299,1172264.3784233953,283518.01124983456,302.5805883135908,-73.45281016477607,95206993.74431549,99055817.50580813,-3848823.761492649,3.4880255538251794,-3.4880255538251794,96.11448993264129,-4107.602733716808,-92.82287702927151,46.85165421558165,-78058.5946288439,-428636.48369841935,-828235.5104872735,36.174692911855686,3,428.77897344807644,-20612.528656989394,23759.765200971655,0.505,1.0,1.0,commercial ranking is exploratory
exact,DK2,gated,online_profit_quantile,937,40,1,308800.36656299996,244532.04728667683,151735.5762460012,161.9376480747078,68.589454937378,26427160.39683611,28953202.522832237,-2526042.1259961245,8.1801785215199,-8.1801785215199,91.27543102009489,-2695.8827385230784,-242.11257032826126,41.19530416221985,-57883.48252044851,-705567.9200919373,-800822.3425116928,47.02181766057687,1,47355.82049570019,-11433.29018356177,148089.9080016814,0.825,1.0,1.0,commercial ranking is exploratory
exact,DK2,gated,online_risk_adjusted_quantile,937,40,1,308800.36656299996,230910.28132107417,142677.27642068063,152.27030567842115,83.12709204047582,26101268.51168742,28953202.522832237,-2851934.011144814,9.235526637767045,-9.235526637767045,90.14984954118356,-3043.6862445515626,-310.01052472000725,39.59445037353255,-60279.871955073926,-836978.945237263,-1102971.814822542,47.02181766057687,2,39208.52336698293,-12291.261097441187,122938.39430646341,0.822,1.0,1.0,commercial ranking is exploratory
exact,DK2,gated,scenario_q25,937,40,1,308800.36656299996,237238.86362290735,123774.34892436933,132.0964236119203,76.37300207053644,26060030.864870243,28953202.522832237,-2893171.6579619944,9.369068081633069,-9.369068081633069,90.00742092112102,-3087.6965399807837,-255.60566416035007,38.4204909284952,-59156.41024554834,-836978.945237263,-1102971.814822542,47.02181766057687,3,38177.582196553434,-11165.616035720966,124205.92268797476,0.7568,1.0,1.0,commercial ranking is exploratory
exact,DK2,raw,online_profit_quantile,937,40,1,308800.36656299996,244532.04728667683,151735.5762460012,161.9376480747078,68.589454937378,26427160.39683611,28953202.522832237,-2526042.1259961245,8.1801785215199,-8.1801785215199,91.27543102009489,-2695.8827385230784,-242.11257032826126,41.19530416221985,-57883.48252044851,-705567.9200919373,-800822.3425116928,47.02181766057687,1,47355.82049570019,-12287.31194718298,147263.22798087748,0.8294,1.0,1.0,commercial ranking is exploratory
exact,DK2,raw,online_risk_adjusted_quantile,937,40,1,308800.36656299996,230910.28132107417,142677.2764206806,152.27030567842112,83.12709204047582,26101268.51168742,28953202.522832237,-2851934.011144814,9.235526637767045,-9.235526637767045,90.14984954118356,-3043.6862445515626,-310.01052472000725,39.59445037353255,-60279.871955073926,-836978.945237263,-1102971.814822542,47.02181766057687,2,39208.52336698293,-12118.17304665374,121475.03077142702,0.8224,1.0,1.0,commercial ranking is exploratory
exact,DK2,raw,scenario_q25,937,40,1,308800.36656299996,237238.86362290735,123774.34892436933,132.0964236119203,76.37300207053644,26060030.864870243,28953202.522832237,-2893171.6579619944,9.369068081633069,-9.369068081633069,90.00742092112102,-3087.6965399807837,-255.60566416035007,38.4204909284952,-59156.41024554834,-836978.945237263,-1102971.814822542,47.02181766057687,3,38177.582196553434,-11530.080889355111,123905.58627237743,0.7586,1.0,1.0,commercial ranking is exploratory
