panel,price_area,nomination_method,days,folds,total_gated_delta_vs_raw_eur,mean_daily_gated_delta_vs_raw_eur,total_absolute_imbalance_delta_mwh,bootstrap_ci_lower_mean_daily_eur,bootstrap_ci_upper_mean_daily_eur,bootstrap_probability_gated_outperformance
d2,DK1,point_centre,180,2,0.0,0.0,0.0,0.0,0.0,0.0
d2,DK1,scenario_q75,180,2,-260939.61945033114,-1449.6645525018396,58271.13944029433,-9418.395405011992,6536.136000452399,0.3624
d2,DK1,spread_signal_quantile,180,2,-595363.1407317298,-3307.5730040651656,52420.84429595909,-12131.45550573176,5012.906935786084,0.2298
d2,DK1,scenario_median,180,2,-657526.6316059264,-3652.9257311440356,31902.726909299112,-12803.021967361465,4806.1395214418135,0.1988
d2,DK1,scenario_q25,180,2,-874220.009594633,-4856.777831081295,76148.46312534383,-15657.562782950321,4953.927584250247,0.179
d2,DK1,online_risk_adjusted_quantile,180,2,-1136437.2633078026,-6313.540351710015,126429.20702879413,-15414.705251840582,2808.419574991429,0.0846
d2,DK1,online_profit_quantile,180,2,-1619999.0809663166,-8999.994894257314,209295.24507229275,-22957.4529912712,3710.843520604717,0.0894
d2,DK2,online_risk_adjusted_quantile,180,2,998564.0631491843,5547.578128606579,36498.79874649265,-3974.5608142803485,14749.635985280076,0.8794
d2,DK2,scenario_q75,180,2,447265.91835354554,2484.8106575196975,6554.972265944457,-1166.835682087514,6031.269376041609,0.9074
d2,DK2,online_profit_quantile,180,2,427571.9524999321,2375.399736110734,60457.594329395506,-2791.2776630263515,7763.216294616789,0.8226
d2,DK2,spread_signal_quantile,180,2,320892.7186672793,1782.7373259293295,12356.987621305256,-2019.1318281440524,5465.212966258619,0.8186
d2,DK2,scenario_median,180,2,317965.332868041,1766.4740714891168,3205.1832757167235,-1977.850643723397,5330.321614756172,0.8328
d2,DK2,scenario_q25,180,2,250177.36366706082,1389.8742425947823,19405.197565008675,-2463.7971886439027,5063.244912901179,0.773
d2,DK2,point_centre,180,2,0.0,0.0,0.0,0.0,0.0,0.0
exact,DK1,point_centre,40,1,0.0,0.0,0.0,0.0,0.0,0.0
exact,DK1,online_risk_adjusted_quantile,40,1,-190790.8833640908,-4769.77208410227,1358.125520027123,-16441.85393945018,6620.045786066744,0.219
exact,DK1,online_profit_quantile,40,1,-285646.61299627327,-7141.165324906831,31260.92933795499,-22021.246113691555,6480.131864038591,0.173
exact,DK1,scenario_q25,40,1,-434971.5098901038,-10874.287747252596,1421.046174111932,-25400.583068983833,2077.0639596664855,0.0494
exact,DK1,scenario_median,40,1,-600994.6185889074,-15024.865464722685,11542.093827203431,-36024.40060420813,4156.629015309411,0.0698
exact,DK1,spread_signal_quantile,40,1,-610982.2302286158,-15274.555755715395,8821.244761343754,-38497.41616106163,4505.486553784568,0.079
exact,DK1,scenario_q75,40,1,-752590.1055205149,-18814.752638012873,40563.83751691687,-50605.68432027501,7124.627658881036,0.0936
exact,DK2,online_profit_quantile,40,1,0.0,0.0,-9.094947017729282e-13,0.0,0.0,0.0
exact,DK2,online_risk_adjusted_quantile,40,1,0.0,0.0,-9.094947017729282e-13,0.0,0.0,0.0
exact,DK2,point_centre,40,1,0.0,0.0,0.0,0.0,0.0,0.0
exact,DK2,scenario_median,40,1,0.0,0.0,0.0,0.0,0.0,0.0
exact,DK2,scenario_q25,40,1,0.0,0.0,0.0,0.0,0.0,0.0
exact,DK2,scenario_q75,40,1,0.0,0.0,0.0,0.0,0.0,0.0
exact,DK2,spread_signal_quantile,40,1,0.0,0.0,0.0,0.0,0.0,0.0
