panel,price_area,scenario_stream,nomination_method,hours,days,folds,total_actual_mwh,total_nominated_mwh,total_absolute_imbalance_mwh,mean_absolute_imbalance_mwh,mean_signed_imbalance_mwh,gross_revenue_eur,perfect_nomination_revenue_eur,total_incremental_revenue_vs_perfect_eur,settlement_shortfall_eur_per_actual_mwh,incremental_eur_per_actual_mwh,gross_revenue_capture_pct,mean_hourly_incremental_eur,median_hourly_incremental_eur,positive_incremental_hours_pct,hourly_downside_cvar_5pct_eur,worst_hour_incremental_eur,worst_day_incremental_eur,mean_within_hour_spread_std_eur_per_mwh
d2,DK1,gated,online_profit_quantile,4319,180,2,8407681.746617,8053132.643671546,2524163.6637724387,584.4324296764155,82.090554050811,700960187.6773714,714802930.7218626,-13842743.044491239,1.6464399416713347,-1.6464399416713347,98.06341825844058,-3205.080584508275,-673.2708353513603,45.01041907849039,-131673.06833508937,-1124504.2989720327,-1669227.5575482624,36.33596646818141
d2,DK1,gated,online_risk_adjusted_quantile,4319,180,2,8407681.746617,7584038.026230325,2122317.5536349574,491.39095939684125,190.7024126850372,699297416.0537381,714802930.7218626,-15505514.668124486,1.844208086772961,-1.844208086772961,97.83079867167503,-3590.0705413578344,-942.3273887644901,43.01921741143783,-105915.47042566723,-709714.7641520334,-1638120.3443526851,36.33596646818141
d2,DK1,gated,scenario_q75,4319,180,2,8407681.746617,9715477.630442634,1916561.3492554422,443.75118065650435,-302.8006213997768,694877013.5459963,714802930.7218626,-19925917.175866306,2.369965678575298,-2.369965678575298,97.21239011209096,-4613.548778853046,-2.143913296149483e-13,49.87265570733966,-131673.31377177688,-755545.6585593966,-1433175.1132865765,36.33596646818141
d2,DK1,gated,point_centre,4319,180,2,8407681.746617,8260702.755729177,1523070.8135931366,352.64431896113376,34.030792055527364,693302927.7550797,714802930.7218626,-21500002.96678285,2.5571856327023568,-2.5571856327023568,96.99217755793609,-4978.004854545693,-566.3399491321943,43.78328316739986,-89869.81803030055,-501374.61374683084,-1012080.0715850869,36.33596646818141
d2,DK1,gated,spread_signal_quantile,4319,180,2,8407681.746617,8545247.161490675,1596886.5618795361,369.73525396608846,-31.85121900293458,693275004.5171114,714802930.7218626,-21527926.204751126,2.5605067905208614,-2.5605067905208614,96.98827113327437,-4984.4700636145235,-515.6969203904853,44.315813845797635,-99233.11374326758,-598467.3155481432,-1102425.6114458237,36.33596646818141
d2,DK1,gated,scenario_median,4319,180,2,8407681.746617,8449299.026632775,1558218.0484398364,360.7821367075333,-9.635860156465492,692834352.5794317,714802930.7218626,-21968578.142430983,2.612917425337904,-2.612917425337904,96.92662450051158,-5086.496444184067,-497.4898494589954,44.10743227598981,-96603.16255767697,-598467.3155481432,-1082229.3429237935,36.33596646818141
d2,DK1,gated,scenario_q25,4319,180,2,8407681.746617,7383277.592637143,1761394.5111301641,407.8246147557685,237.18549524886723,691050669.0544184,714802930.7218626,-23752261.66744417,2.825066692968174,-2.825066692968174,96.67708949605772,-5499.481747498071,-1294.0979501396882,41.16693679092383,-88932.225269742,-412522.4243605307,-1250783.6262690146,36.33596646818141
d2,DK1,raw,online_profit_quantile,4319,180,2,8407681.746617,8071211.4277636465,2314868.418700146,535.9732388747733,77.90468137377944,702580186.7583376,714802930.7218626,-12222743.963524923,1.4537591136157109,-1.4537591136157109,98.29005402213704,-2829.9939716427234,-591.9517602075,45.17249363278537,-118331.52790723165,-1160221.0279793204,-1725843.9087500183,36.33596646818141
d2,DK1,raw,online_risk_adjusted_quantile,4319,180,2,8407681.746617,7685883.227790167,1995888.3466061633,462.11816314104266,167.12167604233238,700433853.3170459,714802930.7218626,-14369077.40481668,1.7090415453223318,-1.7090415453223318,97.98978476622841,-3326.945451450956,-794.2277618963552,43.25075248900208,-101958.89680517724,-592664.1947260419,-1622026.6759708836,36.33596646818141
d2,DK1,raw,scenario_q75,4319,180,2,8407681.746617,9635396.724273931,1858290.2098151478,430.2593678664385,-284.2590825785901,695137953.1654466,714802930.7218626,-19664977.556415975,2.3389298202597373,-2.3389298202597373,97.24889522535159,-4553.132103824028,0.0003040648050078602,50.49780041676314,-127604.17834873415,-789092.7145367014,-1250902.2172911796,36.33596646818141
d2,DK1,raw,spread_signal_quantile,4319,180,2,8407681.746617,8557149.319244236,1544465.7175835771,357.5979897160401,-34.60698602158758,693870367.6578431,714802930.7218626,-20932563.064019397,2.489694983095909,-2.489694983095909,97.07156166205417,-4846.622612646306,-437.68172563398235,44.36212086131049,-96803.59400323889,-583976.3970847127,-989596.2900796391,36.33596646818141
d2,DK1,raw,scenario_median,4319,180,2,8407681.746617,8472917.093515571,1526315.3215305374,353.39553635807766,-15.104271104091383,693491879.2110375,714802930.7218626,-21311051.510825053,2.5347119637824043,-2.5347119637824043,97.01861162078566,-4934.255964534626,-476.3213498610377,44.77888400092614,-95097.89189892255,-522719.4220423761,-969400.0215576089,36.33596646818141
d2,DK1,raw,point_centre,4319,180,2,8407681.746617,8260702.755729177,1523070.8135931366,352.64431896113376,34.030792055527364,693302927.7550797,714802930.7218626,-21500002.96678285,2.5571856327023568,-2.5571856327023568,96.99217755793609,-4978.004854545693,-566.3399491321943,43.78328316739986,-89869.81803030055,-501374.61374683084,-1012080.0715850869,36.33596646818141
d2,DK1,raw,scenario_q25,4319,180,2,8407681.746617,7483374.57407764,1685246.0480048205,390.19357443964356,214.00953288709402,691924889.064013,714802930.7218626,-22878041.65784954,2.721087970183336,-2.721087970183336,96.79939173797938,-5297.069149768358,-1041.7916923814712,41.53739291502663,-86014.0625689436,-336774.5308547635,-1234689.9578872132,36.33596646818141
d2,DK2,gated,scenario_q25,4319,180,2,2641893.0957510006,2300554.097750812,650120.5291922165,150.52570715263172,79.03195137767725,216642375.73909926,231727223.1569853,-15084847.417886075,5.709862916916388,-5.709862916916388,93.49025668526365,-3492.6713169451436,-494.09021340621973,38.59689742996064,-61154.51242177394,-2080970.289159619,-3455159.401028909,48.31895278673006
d2,DK2,gated,point_centre,4319,180,2,2641893.0957510006,2597507.2391870106,570309.2447255645,132.04659521314298,10.27688274229902,216288020.94645086,231727223.1569853,-15439202.210534425,5.843992035622313,-5.843992035622313,93.33733775419427,-3574.7168813462436,-140.91184401059618,43.89905070618199,-69560.93096507379,-2611187.7654142487,-4505580.517248645,48.31895278673006
d2,DK2,gated,spread_signal_quantile,4319,180,2,2641893.0957510006,2729913.6886193147,618812.070453563,143.27670073016046,-20.379854797016602,215954282.72987914,231727223.1569853,-15772940.427106192,5.970317441108449,-5.970317441108449,93.19331573898822,-3651.9889852063425,-59.58758255785242,45.843945357721694,-76027.57383279993,-2926785.187462933,-4895783.754836095,48.31895278673006
d2,DK2,gated,scenario_median,4319,180,2,2641893.0957510006,2701752.1284697363,588861.067890837,136.3419930286726,-13.859465783453619,215944509.71050388,231727223.1569853,-15782713.446481446,5.97401668972338,-5.97401668972338,93.1890982718982,-3654.2517820054286,-49.45701096641556,45.774484834452416,-74917.68629338812,-2926785.187462933,-4983944.402508064,48.31895278673006
d2,DK2,gated,scenario_q75,4319,180,2,2641893.0957510006,3210947.1652565235,783415.3794868626,181.38814065451785,-131.755978121214,215823016.62433535,231727223.1569853,-15904206.532649972,6.020003821588755,-6.020003821588755,93.13666891788733,-3682.3816931349784,266.5660751155041,55.31373003009956,-102923.66123067543,-3742536.0059603634,-6412276.015868756,48.31895278673006
d2,DK2,gated,online_profit_quantile,4319,180,2,2641893.0957510006,2950488.1362281335,995652.1553218492,230.528399009458,-71.45057663281622,215714125.99385595,231727223.1569853,-16013097.163129363,6.061220716645759,-6.061220716645759,93.08967805121405,-3707.5936937090446,-0.0001114105925763569,48.390831210928454,-95119.18785003356,-1855154.277080851,-3098492.4709615544,48.31895278673006
d2,DK2,gated,online_risk_adjusted_quantile,4319,180,2,2641893.0957510006,2490705.1090300055,711912.3972588765,164.83269211828582,35.00532223222841,215256999.64323825,231727223.1569853,-16470223.513747029,6.2342505607953465,-6.2342505607953465,92.8924088894859,-3813.434478755969,-350.763555083673,41.83838851586015,-69917.50891795376,-2181764.410398134,-3744089.5912628663,48.31895278673006
d2,DK2,raw,scenario_q25,4319,180,2,2641893.0957510006,2336912.675158319,630715.3316272078,146.03272322926784,70.61366533750429,216392198.3754322,231727223.1569853,-15335024.781553138,5.8045591648718515,-5.8045591648718515,93.38229467706336,-3550.596152246617,-454.4344720512195,38.73581847649919,-62641.6309962283,-2124050.3767308914,-3532702.3686872805,48.31895278673006
d2,DK2,raw,point_centre,4319,180,2,2641893.0957510006,2597507.2391870106,570309.2447255645,132.04659521314298,10.27688274229902,216288020.94645086,231727223.1569853,-15439202.210534425,5.843992035622313,-5.843992035622313,93.33733775419427,-3574.7168813462436,-140.91184401059618,43.89905070618199,-69560.93096507379,-2611187.7654142487,-4505580.517248645,48.31895278673006
d2,DK2,raw,spread_signal_quantile,4319,180,2,2641893.0957510006,2749224.726366584,606455.0828322577,140.41562464280105,-24.851037419676757,215633390.01121187,231727223.1569853,-16093833.145773472,6.091780614309279,-6.091780614309279,93.05483709401265,-3726.286905712774,-11.514967678953093,46.90900671451725,-76490.9048264565,-2969865.275034205,-4973326.722494465,48.31895278673006
d2,DK2,raw,scenario_median,4319,180,2,2641893.0957510006,2725039.2615605155,585655.8846151202,135.59988067032188,-19.251253949876244,215626544.37763584,231727223.1569853,-16100678.77934949,6.09437179923914,-6.09437179923914,93.05188291647463,-3727.8719100137737,-36.993871360497145,46.029173419773095,-75772.09398339648,-2969865.275034205,-5061487.370166436,48.31895278673006
d2,DK2,raw,scenario_q75,4319,180,2,2641893.0957510006,3210829.03920677,776860.4072209182,179.8704346424909,-131.7286277971219,215375750.7059818,231727223.1569853,-16351472.451003518,6.189301329906898,-6.189301329906898,92.94365494557103,-3785.939442232813,286.0293333052427,55.33688353785598,-102824.84725897123,-3785616.0935316356,-6489818.983527128,48.31895278673006
d2,DK2,raw,online_profit_quantile,4319,180,2,2641893.0957510006,2938345.714878311,935194.5609924536,216.5303452170534,-68.63918016376724,215286554.04135603,231727223.1569853,-16440669.115629297,6.223063734891881,-6.223063734891881,92.90516284981697,-3806.591598895415,-0.0003792487246290996,47.742532993748554,-92925.5125083848,-1898234.3646521233,-3176035.4386199256,48.31895278673006
d2,DK2,raw,online_risk_adjusted_quantile,4319,180,2,2641893.0957510006,2535617.059514595,675413.5985123839,156.38193991951468,24.606630293217144,214258435.5800891,231727223.1569853,-17468787.576896213,6.612223486632198,-6.612223486632198,92.46148668296006,-4044.6370865700887,-322.5257370654368,41.65316045380875,-71190.70912960019,-1898234.3646521233,-3176035.4386199256,48.31895278673006
exact,DK1,gated,point_centre,937,40,1,1103439.095299,1049041.964201283,265982.3257293138,283.8658759117543,58.054568941000134,95189842.58537757,99055817.50580813,-3865974.920430572,3.503568920931703,-3.503568920931703,96.09717529189655,-4125.907065560909,-231.9515835883775,45.14407684098185,-77701.43688273572,-373529.6843181647,-891399.7388479653,36.174692911855686
exact,DK1,gated,scenario_q25,937,40,1,1103439.095299,840605.438104319,341911.88097510673,364.90062003746715,280.5055039430959,94944659.86984813,99055817.50580813,-4111157.635959994,3.7257676055478077,-3.7257676055478077,95.84965553818287,-4387.57485161152,-272.8358529725,44.07684098185699,-88922.09466305339,-178506.7995978623,-1081353.1579010887,36.174692911855686
exact,DK1,gated,online_profit_quantile,937,40,1,1103439.095299,844455.7624243147,376472.26115285733,401.7846970681508,276.396299759536,94719848.78527477,99055817.50580813,-4335968.720533369,3.929504346008737,-3.929504346008737,95.62270159420055,-4627.501302596978,-357.52578811794154,44.61045891141943,-98975.02182726347,-217037.03032571657,-1232002.7647502332,36.174692911855686
exact,DK1,gated,online_risk_adjusted_quantile,937,40,1,1103439.095299,1015405.4766779381,301658.51668500947,321.940786216659,93.95263460091975,94695800.07591864,99055817.50580813,-4360017.429889505,3.951298670189012,-3.951298670189012,95.59842365680962,-4653.166947587519,-239.6205856877108,44.823906083244395,-81006.72320365693,-178506.7995978623,-1081353.1579010887,36.174692911855686
exact,DK1,gated,scenario_median,937,40,1,1103439.095299,1034948.884428402,283768.7888619525,302.84822717390875,73.09520904012597,94694436.27133565,99055817.50580813,-4361381.234472489,3.9525346283753717,-3.9525346283753717,95.59704685268308,-4654.622448743318,-348.7603949131272,44.18356456776948,-77776.95652165246,-307901.00146025105,-939712.2245513941,36.174692911855686
exact,DK1,gated,spread_signal_quantile,937,40,1,1103439.095299,1053158.7402072297,283318.1890909,302.36733094012806,53.66099796346872,94514968.97209455,99055817.50580813,-4540848.533713592,4.115178221488658,-4.115178221488658,95.41586890295734,-4846.156386033716,-329.2835294199976,44.50373532550694,-79653.8822101328,-394928.47141095373,-953807.3171720975,36.174692911855686
exact,DK1,gated,scenario_q75,937,40,1,1103439.095299,1246483.1032712786,324081.8487667515,345.8717702953591,-152.66169474095884,94454403.63879499,99055817.50580813,-4601413.867013164,4.17006601145151,-4.17006601145151,95.35472627163637,-4910.793881550869,-256.82339365844234,45.5709711846318,-85233.57672409262,-478671.0057182128,-816189.6719669966,36.174692911855686
exact,DK1,raw,scenario_q25,937,40,1,1103439.095299,834431.0672216932,340490.83480099484,363.38402860298277,287.0950139565707,95379631.37973826,99055817.50580813,-3676186.1260698903,3.3315713950426513,-3.3315713950426513,96.28877311940379,-3923.3576585591145,-204.08712127875208,45.14407684098185,-87584.39755617062,-180409.12999683077,-1093398.9964213658,36.174692911855686
exact,DK1,raw,scenario_median,937,40,1,1103439.095299,997322.9627247188,272226.69503474905,290.53009075213345,113.25094191492117,95295430.88992456,99055817.50580813,-3760386.615883581,3.40787872380453,-3.40787872380453,96.20377004544628,-4013.219440644163,-234.26451676142605,43.54322305229456,-78906.41598486075,-257866.4794404576,-951758.063071671,36.174692911855686
exact,DK1,raw,scenario_q75,937,40,1,1103439.095299,1172264.3784233953,283518.01124983456,302.5805883135908,-73.45281016477607,95206993.74431549,99055817.50580813,-3848823.761492649,3.4880255538251794,-3.4880255538251794,96.11448993264129,-4107.602733716808,-92.82287702927151,46.85165421558165,-78058.5946288439,-428636.48369841935,-828235.5104872735,36.174692911855686
exact,DK1,raw,point_centre,937,40,1,1103439.095299,1049041.964201283,265982.3257293138,283.8658759117543,58.054568941000134,95189842.58537757,99055817.50580813,-3865974.920430572,3.503568920931703,-3.503568920931703,96.09717529189655,-4125.907065560909,-231.9515835883775,45.14407684098185,-77701.43688273572,-373529.6843181647,-891399.7388479653,36.174692911855686
exact,DK1,raw,spread_signal_quantile,937,40,1,1103439.095299,1014085.4348480038,274496.94432955625,292.95298220870467,95.3614305773706,95125951.20232317,99055817.50580813,-3929866.3034849763,3.561470968563151,-3.561470968563151,96.03267490750402,-4194.0942406456525,-247.44472517178946,44.18356456776948,-80775.65790128597,-344893.9493911603,-965853.1556923743,36.174692911855686
exact,DK1,raw,online_profit_quantile,937,40,1,1103439.095299,896973.0889136016,345211.3318149023,368.4219122891167,220.34792570480082,95005495.39827104,99055817.50580813,-4050322.107537096,3.67063494921718,-3.67063494921718,95.91107094007921,-4322.648994169793,-430.99728378442325,42.79615795090715,-90820.00419450298,-185901.9863276336,-1135429.3706013097,36.174692911855686
exact,DK1,raw,online_risk_adjusted_quantile,937,40,1,1103439.095299,980963.6571042214,300300.39116498234,320.49134596049345,130.71017950349884,94886590.95928273,99055817.50580813,-4169226.546525413,3.77839299358491,-3.77839299358491,95.79103312505502,-4449.54807526725,-385.60509182532905,42.049092849519745,-84044.53009255142,-180081.80465436378,-1093398.9964213658,36.174692911855686
exact,DK2,gated,online_profit_quantile,937,40,1,308800.36656299996,244532.04728667683,151735.5762460012,161.9376480747078,68.589454937378,26427160.39683611,28953202.522832237,-2526042.1259961245,8.1801785215199,-8.1801785215199,91.27543102009489,-2695.8827385230784,-242.11257032826126,41.19530416221985,-57883.48252044851,-705567.9200919373,-800822.3425116928,47.02181766057687
exact,DK2,gated,online_risk_adjusted_quantile,937,40,1,308800.36656299996,230910.28132107417,142677.27642068063,152.27030567842115,83.12709204047582,26101268.51168742,28953202.522832237,-2851934.011144814,9.235526637767045,-9.235526637767045,90.14984954118356,-3043.6862445515626,-310.01052472000725,39.59445037353255,-60279.871955073926,-836978.945237263,-1102971.814822542,47.02181766057687
exact,DK2,gated,scenario_q25,937,40,1,308800.36656299996,237238.86362290735,123774.34892436933,132.0964236119203,76.37300207053644,26060030.864870243,28953202.522832237,-2893171.6579619944,9.369068081633069,-9.369068081633069,90.00742092112102,-3087.6965399807837,-255.60566416035007,38.4204909284952,-59156.41024554834,-836978.945237263,-1102971.814822542,47.02181766057687
exact,DK2,gated,scenario_median,937,40,1,308800.36656299996,313486.64701321034,108988.22461150956,116.31614152775833,-5.0013665423803095,24933949.702364437,28953202.522832237,-4019252.8204678,13.0156996418196,-13.0156996418196,86.11810621882586,-4289.490736891996,-4.961880222063734,46.85165421558165,-82844.64865518974,-1332070.7537236775,-2473210.9193874933,47.02181766057687
exact,DK2,gated,spread_signal_quantile,937,40,1,308800.36656299996,300309.8643092674,113564.59343593488,121.20020644176614,9.061368467163955,24908042.834629815,28953202.522832237,-4045159.688202422,13.099594839299352,-13.099594839299352,86.02862780028411,-4317.139475135989,-85.48989057174751,44.61045891141943,-82446.85998573687,-1332070.7537236775,-2417100.6275380184,47.02181766057687
exact,DK2,gated,point_centre,937,40,1,308800.36656299996,318382.4883332892,109699.67926677752,117.07543144800162,-10.226383959753688,24532927.577008102,28953202.522832237,-4420274.945824131,14.314344879258194,-14.314344879258194,84.73303620786562,-4717.47592937474,-0.00011415098878502606,47.59871931696905,-90647.35878392732,-1423213.7914496246,-2818931.414899849,47.02181766057687
exact,DK2,gated,scenario_q75,937,40,1,308800.36656299996,396293.19244933274,132048.10429666715,140.92647203486356,-93.3754812020627,24227748.028913427,28953202.522832237,-4725454.493918809,15.302619444769165,-15.302619444769165,83.67899202102994,-5043.1744865729015,37.083970823207025,54.322305229455715,-109920.92134574444,-1906128.2728398987,-3531996.144886513,47.02181766057687
exact,DK2,raw,online_profit_quantile,937,40,1,308800.36656299996,244532.04728667683,151735.5762460012,161.9376480747078,68.589454937378,26427160.39683611,28953202.522832237,-2526042.1259961245,8.1801785215199,-8.1801785215199,91.27543102009489,-2695.8827385230784,-242.11257032826126,41.19530416221985,-57883.48252044851,-705567.9200919373,-800822.3425116928,47.02181766057687
exact,DK2,raw,online_risk_adjusted_quantile,937,40,1,308800.36656299996,230910.28132107417,142677.2764206806,152.27030567842112,83.12709204047582,26101268.51168742,28953202.522832237,-2851934.011144814,9.235526637767045,-9.235526637767045,90.14984954118356,-3043.6862445515626,-310.01052472000725,39.59445037353255,-60279.871955073926,-836978.945237263,-1102971.814822542,47.02181766057687
exact,DK2,raw,scenario_q25,937,40,1,308800.36656299996,237238.86362290735,123774.34892436933,132.0964236119203,76.37300207053644,26060030.864870243,28953202.522832237,-2893171.6579619944,9.369068081633069,-9.369068081633069,90.00742092112102,-3087.6965399807837,-255.60566416035007,38.4204909284952,-59156.41024554834,-836978.945237263,-1102971.814822542,47.02181766057687
exact,DK2,raw,scenario_median,937,40,1,308800.36656299996,313486.64701321034,108988.22461150956,116.31614152775833,-5.0013665423803095,24933949.702364437,28953202.522832237,-4019252.8204678,13.0156996418196,-13.0156996418196,86.11810621882586,-4289.490736891996,-4.961880222063734,46.85165421558165,-82844.64865518974,-1332070.7537236775,-2473210.9193874933,47.02181766057687
exact,DK2,raw,spread_signal_quantile,937,40,1,308800.36656299996,300309.8643092674,113564.59343593488,121.20020644176614,9.061368467163955,24908042.834629815,28953202.522832237,-4045159.688202422,13.099594839299352,-13.099594839299352,86.02862780028411,-4317.139475135989,-85.48989057174751,44.61045891141943,-82446.85998573687,-1332070.7537236775,-2417100.6275380184,47.02181766057687
exact,DK2,raw,point_centre,937,40,1,308800.36656299996,318382.4883332892,109699.67926677752,117.07543144800162,-10.226383959753688,24532927.577008102,28953202.522832237,-4420274.945824131,14.314344879258194,-14.314344879258194,84.73303620786562,-4717.47592937474,-0.00011415098878502606,47.59871931696905,-90647.35878392732,-1423213.7914496246,-2818931.414899849,47.02181766057687
exact,DK2,raw,scenario_q75,937,40,1,308800.36656299996,396293.19244933274,132048.10429666715,140.92647203486356,-93.3754812020627,24227748.028913427,28953202.522832237,-4725454.493918809,15.302619444769165,-15.302619444769165,83.67899202102994,-5043.1744865729015,37.083970823207025,54.322305229455715,-109920.92134574444,-1906128.2728398987,-3531996.144886513,47.02181766057687
