panel,fold_id,price_area,eta,shrinkage,validation_mae,validation_loss_scale,candidate_report_json
d2,1,DK1,0.05,0.05,267.30323794598905,233.3437981379481,"[{""eta"": 0.05, ""shrinkage"": 0.05, ""validation_mae"": 267.30323794598905, ""loss_scale"": 233.3437981379481}, {""eta"": 0.1, ""shrinkage"": 0.05, ""validation_mae"": 267.6405108563924, ""loss_scale"": 233.3437981379481}, {""eta"": 0.05, ""shrinkage"": 0.01, ""validation_mae"": 267.7069249920963, ""loss_scale"": 233.3437981379481}, {""eta"": 0.05, ""shrinkage"": 0.0, ""validation_mae"": 267.9378934598723, ""loss_scale"": 233.3437981379481}, {""eta"": 0.1, ""shrinkage"": 0.01, ""validation_mae"": 268.6747981165203, ""loss_scale"": 233.3437981379481}, {""eta"": 0.25, ""shrinkage"": 0.05, ""validation_mae"": 269.0687557254298, ""loss_scale"": 233.3437981379481}, {""eta"": 0.1, ""shrinkage"": 0.0, ""validation_mae"": 269.3545763895803, ""loss_scale"": 233.3437981379481}, {""eta"": 0.5, ""shrinkage"": 0.05, ""validation_mae"": 271.5465509015884, ""loss_scale"": 233.3437981379481}, {""eta"": 0.25, ""shrinkage"": 0.01, ""validation_mae"": 272.81331272680677, ""loss_scale"": 233.3437981379481}, {""eta"": 0.25, ""shrinkage"": 0.0, ""validation_mae"": 275.2748763135231, ""loss_scale"": 233.3437981379481}, {""eta"": 1.0, ""shrinkage"": 0.05, ""validation_mae"": 276.7940599748599, ""loss_scale"": 233.3437981379481}, {""eta"": 0.5, ""shrinkage"": 0.01, ""validation_mae"": 278.8533521493378, ""loss_scale"": 233.3437981379481}, {""eta"": 0.5, ""shrinkage"": 0.0, ""validation_mae"": 284.17773195326936, ""loss_scale"": 233.3437981379481}, {""eta"": 1.0, ""shrinkage"": 0.01, ""validation_mae"": 285.1013817293275, ""loss_scale"": 233.3437981379481}, {""eta"": 2.0, ""shrinkage"": 0.05, ""validation_mae"": 286.18669467147777, ""loss_scale"": 233.3437981379481}, {""eta"": 2.0, ""shrinkage"": 0.01, ""validation_mae"": 293.45061040212954, ""loss_scale"": 233.3437981379481}, {""eta"": 1.0, ""shrinkage"": 0.0, ""validation_mae"": 294.6346950368938, ""loss_scale"": 233.3437981379481}, {""eta"": 2.0, ""shrinkage"": 0.0, ""validation_mae"": 303.74995445562456, ""loss_scale"": 233.3437981379481}]"
d2,1,DK2,0.25,0.05,132.15370568542625,98.4364828616944,"[{""eta"": 0.25, ""shrinkage"": 0.05, ""validation_mae"": 132.15370568542625, ""loss_scale"": 98.4364828616944}, {""eta"": 0.1, ""shrinkage"": 0.05, ""validation_mae"": 132.1862820025083, ""loss_scale"": 98.4364828616944}, {""eta"": 0.05, ""shrinkage"": 0.05, ""validation_mae"": 132.20968357637233, ""loss_scale"": 98.4364828616944}, {""eta"": 0.1, ""shrinkage"": 0.01, ""validation_mae"": 132.23589038430603, ""loss_scale"": 98.4364828616944}, {""eta"": 0.05, ""shrinkage"": 0.01, ""validation_mae"": 132.23918721090456, ""loss_scale"": 98.4364828616944}, {""eta"": 0.05, ""shrinkage"": 0.0, ""validation_mae"": 132.27820571243223, ""loss_scale"": 98.4364828616944}, {""eta"": 0.25, ""shrinkage"": 0.01, ""validation_mae"": 132.3060520287774, ""loss_scale"": 98.4364828616944}, {""eta"": 0.1, ""shrinkage"": 0.0, ""validation_mae"": 132.3432115610887, ""loss_scale"": 98.4364828616944}, {""eta"": 0.5, ""shrinkage"": 0.05, ""validation_mae"": 132.37343716497594, ""loss_scale"": 98.4364828616944}, {""eta"": 0.5, ""shrinkage"": 0.01, ""validation_mae"": 132.51206298764018, ""loss_scale"": 98.4364828616944}, {""eta"": 0.25, ""shrinkage"": 0.0, ""validation_mae"": 132.61908603202028, ""loss_scale"": 98.4364828616944}, {""eta"": 0.5, ""shrinkage"": 0.0, ""validation_mae"": 133.05620736851503, ""loss_scale"": 98.4364828616944}, {""eta"": 1.0, ""shrinkage"": 0.05, ""validation_mae"": 133.51519951938872, ""loss_scale"": 98.4364828616944}, {""eta"": 1.0, ""shrinkage"": 0.01, ""validation_mae"": 133.71137225214937, ""loss_scale"": 98.4364828616944}, {""eta"": 1.0, ""shrinkage"": 0.0, ""validation_mae"": 134.98438403254417, ""loss_scale"": 98.4364828616944}, {""eta"": 2.0, ""shrinkage"": 0.05, ""validation_mae"": 135.82862196065392, ""loss_scale"": 98.4364828616944}, {""eta"": 2.0, ""shrinkage"": 0.01, ""validation_mae"": 136.79620178309068, ""loss_scale"": 98.4364828616944}, {""eta"": 2.0, ""shrinkage"": 0.0, ""validation_mae"": 138.5219988621836, ""loss_scale"": 98.4364828616944}]"
d2,2,DK1,0.1,0.0,369.5764167356865,317.98100382911457,"[{""eta"": 0.1, ""shrinkage"": 0.0, ""validation_mae"": 369.5764167356865, ""loss_scale"": 317.98100382911457}, {""eta"": 0.1, ""shrinkage"": 0.01, ""validation_mae"": 369.80853935224184, ""loss_scale"": 317.98100382911457}, {""eta"": 0.05, ""shrinkage"": 0.0, ""validation_mae"": 369.89101902248285, ""loss_scale"": 317.98100382911457}, {""eta"": 0.05, ""shrinkage"": 0.01, ""validation_mae"": 370.08271053441644, ""loss_scale"": 317.98100382911457}, {""eta"": 0.1, ""shrinkage"": 0.05, ""validation_mae"": 370.259581499464, ""loss_scale"": 317.98100382911457}, {""eta"": 0.25, ""shrinkage"": 0.05, ""validation_mae"": 370.2826994329946, ""loss_scale"": 317.98100382911457}, {""eta"": 0.05, ""shrinkage"": 0.05, ""validation_mae"": 370.4418613361835, ""loss_scale"": 317.98100382911457}, {""eta"": 0.25, ""shrinkage"": 0.01, ""validation_mae"": 370.78261630568767, ""loss_scale"": 317.98100382911457}, {""eta"": 0.25, ""shrinkage"": 0.0, ""validation_mae"": 371.51580088373765, ""loss_scale"": 317.98100382911457}, {""eta"": 0.5, ""shrinkage"": 0.05, ""validation_mae"": 371.8321746581695, ""loss_scale"": 317.98100382911457}, {""eta"": 0.5, ""shrinkage"": 0.01, ""validation_mae"": 375.54910872677993, ""loss_scale"": 317.98100382911457}, {""eta"": 1.0, ""shrinkage"": 0.05, ""validation_mae"": 375.9655390640759, ""loss_scale"": 317.98100382911457}, {""eta"": 0.5, ""shrinkage"": 0.0, ""validation_mae"": 379.0250931998028, ""loss_scale"": 317.98100382911457}, {""eta"": 2.0, ""shrinkage"": 0.05, ""validation_mae"": 382.6606679762561, ""loss_scale"": 317.98100382911457}, {""eta"": 1.0, ""shrinkage"": 0.01, ""validation_mae"": 382.6860966752692, ""loss_scale"": 317.98100382911457}, {""eta"": 1.0, ""shrinkage"": 0.0, ""validation_mae"": 389.34047739269613, ""loss_scale"": 317.98100382911457}, {""eta"": 2.0, ""shrinkage"": 0.01, ""validation_mae"": 392.1134053531753, ""loss_scale"": 317.98100382911457}, {""eta"": 2.0, ""shrinkage"": 0.0, ""validation_mae"": 398.8927009059592, ""loss_scale"": 317.98100382911457}]"
d2,2,DK2,0.25,0.05,172.65784008105706,139.898234861657,"[{""eta"": 0.25, ""shrinkage"": 0.05, ""validation_mae"": 172.65784008105706, ""loss_scale"": 139.898234861657}, {""eta"": 0.5, ""shrinkage"": 0.05, ""validation_mae"": 172.73417225181495, ""loss_scale"": 139.898234861657}, {""eta"": 0.1, ""shrinkage"": 0.05, ""validation_mae"": 172.77545376861093, ""loss_scale"": 139.898234861657}, {""eta"": 0.05, ""shrinkage"": 0.05, ""validation_mae"": 172.8254271403773, ""loss_scale"": 139.898234861657}, {""eta"": 0.1, ""shrinkage"": 0.01, ""validation_mae"": 172.8655792343274, ""loss_scale"": 139.898234861657}, {""eta"": 0.05, ""shrinkage"": 0.01, ""validation_mae"": 172.86766368831687, ""loss_scale"": 139.898234861657}, {""eta"": 0.05, ""shrinkage"": 0.0, ""validation_mae"": 172.8919918317638, ""loss_scale"": 139.898234861657}, {""eta"": 0.1, ""shrinkage"": 0.0, ""validation_mae"": 172.92040515708447, ""loss_scale"": 139.898234861657}, {""eta"": 0.25, ""shrinkage"": 0.01, ""validation_mae"": 172.96696073718522, ""loss_scale"": 139.898234861657}, {""eta"": 1.0, ""shrinkage"": 0.05, ""validation_mae"": 173.03622791299324, ""loss_scale"": 139.898234861657}, {""eta"": 0.25, ""shrinkage"": 0.0, ""validation_mae"": 173.18402817697628, ""loss_scale"": 139.898234861657}, {""eta"": 0.5, ""shrinkage"": 0.01, ""validation_mae"": 173.5903198834755, ""loss_scale"": 139.898234861657}, {""eta"": 2.0, ""shrinkage"": 0.05, ""validation_mae"": 173.90439880842368, ""loss_scale"": 139.898234861657}, {""eta"": 0.5, ""shrinkage"": 0.0, ""validation_mae"": 174.23705784964451, ""loss_scale"": 139.898234861657}, {""eta"": 2.0, ""shrinkage"": 0.01, ""validation_mae"": 174.33306116485176, ""loss_scale"": 139.898234861657}, {""eta"": 1.0, ""shrinkage"": 0.01, ""validation_mae"": 174.4887163458152, ""loss_scale"": 139.898234861657}, {""eta"": 1.0, ""shrinkage"": 0.0, ""validation_mae"": 176.2027040954051, ""loss_scale"": 139.898234861657}, {""eta"": 2.0, ""shrinkage"": 0.0, ""validation_mae"": 178.57773957009653, ""loss_scale"": 139.898234861657}]"
d2,3,DK1,2.0,0.05,401.4105320332992,433.2613486499468,"[{""eta"": 2.0, ""shrinkage"": 0.05, ""validation_mae"": 401.4105320332992, ""loss_scale"": 433.2613486499468}, {""eta"": 1.0, ""shrinkage"": 0.01, ""validation_mae"": 401.6427084958595, ""loss_scale"": 433.2613486499468}, {""eta"": 1.0, ""shrinkage"": 0.0, ""validation_mae"": 402.7676608117964, ""loss_scale"": 433.2613486499468}, {""eta"": 0.5, ""shrinkage"": 0.01, ""validation_mae"": 403.06861026185084, ""loss_scale"": 433.2613486499468}, {""eta"": 0.5, ""shrinkage"": 0.0, ""validation_mae"": 403.1795688747609, ""loss_scale"": 433.2613486499468}, {""eta"": 1.0, ""shrinkage"": 0.05, ""validation_mae"": 403.67579179018253, ""loss_scale"": 433.2613486499468}, {""eta"": 2.0, ""shrinkage"": 0.0, ""validation_mae"": 405.2944317121841, ""loss_scale"": 433.2613486499468}, {""eta"": 0.5, ""shrinkage"": 0.05, ""validation_mae"": 407.60482726478983, ""loss_scale"": 433.2613486499468}, {""eta"": 0.25, ""shrinkage"": 0.0, ""validation_mae"": 408.28790415366416, ""loss_scale"": 433.2613486499468}, {""eta"": 0.25, ""shrinkage"": 0.01, ""validation_mae"": 409.631548877112, ""loss_scale"": 433.2613486499468}, {""eta"": 2.0, ""shrinkage"": 0.01, ""validation_mae"": 411.18424825142114, ""loss_scale"": 433.2613486499468}, {""eta"": 0.25, ""shrinkage"": 0.05, ""validation_mae"": 414.90494711772027, ""loss_scale"": 433.2613486499468}, {""eta"": 0.1, ""shrinkage"": 0.0, ""validation_mae"": 419.89298950094064, ""loss_scale"": 433.2613486499468}, {""eta"": 0.1, ""shrinkage"": 0.01, ""validation_mae"": 421.19361038853344, ""loss_scale"": 433.2613486499468}, {""eta"": 0.1, ""shrinkage"": 0.05, ""validation_mae"": 424.96140930075967, ""loss_scale"": 433.2613486499468}, {""eta"": 0.05, ""shrinkage"": 0.0, ""validation_mae"": 426.9218487171783, ""loss_scale"": 433.2613486499468}, {""eta"": 0.05, ""shrinkage"": 0.01, ""validation_mae"": 427.76190186836465, ""loss_scale"": 433.2613486499468}, {""eta"": 0.05, ""shrinkage"": 0.05, ""validation_mae"": 430.4003636332782, ""loss_scale"": 433.2613486499468}]"
d2,3,DK2,0.25,0.0,144.62702934349593,126.64641861796156,"[{""eta"": 0.25, ""shrinkage"": 0.0, ""validation_mae"": 144.62702934349593, ""loss_scale"": 126.64641861796156}, {""eta"": 0.25, ""shrinkage"": 0.01, ""validation_mae"": 144.76247579816703, ""loss_scale"": 126.64641861796156}, {""eta"": 0.1, ""shrinkage"": 0.0, ""validation_mae"": 145.50940058217435, ""loss_scale"": 126.64641861796156}, {""eta"": 0.5, ""shrinkage"": 0.05, ""validation_mae"": 145.5123059495842, ""loss_scale"": 126.64641861796156}, {""eta"": 0.5, ""shrinkage"": 0.01, ""validation_mae"": 145.6401704853647, ""loss_scale"": 126.64641861796156}, {""eta"": 0.25, ""shrinkage"": 0.05, ""validation_mae"": 145.77522267785943, ""loss_scale"": 126.64641861796156}, {""eta"": 0.1, ""shrinkage"": 0.01, ""validation_mae"": 145.81227353861502, ""loss_scale"": 126.64641861796156}, {""eta"": 0.5, ""shrinkage"": 0.0, ""validation_mae"": 146.17189884061816, ""loss_scale"": 126.64641861796156}, {""eta"": 0.05, ""shrinkage"": 0.0, ""validation_mae"": 146.2755562116311, ""loss_scale"": 126.64641861796156}, {""eta"": 0.05, ""shrinkage"": 0.01, ""validation_mae"": 146.44836400154358, ""loss_scale"": 126.64641861796156}, {""eta"": 0.1, ""shrinkage"": 0.05, ""validation_mae"": 146.5085647432725, ""loss_scale"": 126.64641861796156}, {""eta"": 0.05, ""shrinkage"": 0.05, ""validation_mae"": 146.80710037338022, ""loss_scale"": 126.64641861796156}, {""eta"": 1.0, ""shrinkage"": 0.05, ""validation_mae"": 146.81634221616827, ""loss_scale"": 126.64641861796156}, {""eta"": 1.0, ""shrinkage"": 0.01, ""validation_mae"": 147.32440145298688, ""loss_scale"": 126.64641861796156}, {""eta"": 1.0, ""shrinkage"": 0.0, ""validation_mae"": 148.1439455952713, ""loss_scale"": 126.64641861796156}, {""eta"": 2.0, ""shrinkage"": 0.0, ""validation_mae"": 149.39963037039314, ""loss_scale"": 126.64641861796156}, {""eta"": 2.0, ""shrinkage"": 0.01, ""validation_mae"": 149.7820082131082, ""loss_scale"": 126.64641861796156}, {""eta"": 2.0, ""shrinkage"": 0.05, ""validation_mae"": 150.06738385943382, ""loss_scale"": 126.64641861796156}]"
exact,1,DK1,0.25,0.0,273.2773951105625,260.1792211168347,"[{""eta"": 0.25, ""shrinkage"": 0.0, ""validation_mae"": 273.2773951105625, ""loss_scale"": 260.1792211168347}, {""eta"": 0.25, ""shrinkage"": 0.01, ""validation_mae"": 273.4715009226033, ""loss_scale"": 260.1792211168347}, {""eta"": 0.5, ""shrinkage"": 0.01, ""validation_mae"": 273.50398865195683, ""loss_scale"": 260.1792211168347}, {""eta"": 0.5, ""shrinkage"": 0.0, ""validation_mae"": 273.5402856481307, ""loss_scale"": 260.1792211168347}, {""eta"": 0.5, ""shrinkage"": 0.05, ""validation_mae"": 273.58064105658593, ""loss_scale"": 260.1792211168347}, {""eta"": 0.25, ""shrinkage"": 0.05, ""validation_mae"": 274.365154749803, ""loss_scale"": 260.1792211168347}, {""eta"": 0.1, ""shrinkage"": 0.0, ""validation_mae"": 276.5348894595397, ""loss_scale"": 260.1792211168347}, {""eta"": 0.1, ""shrinkage"": 0.01, ""validation_mae"": 276.7784314669551, ""loss_scale"": 260.1792211168347}, {""eta"": 0.1, ""shrinkage"": 0.05, ""validation_mae"": 277.63383741374264, ""loss_scale"": 260.1792211168347}, {""eta"": 0.05, ""shrinkage"": 0.0, ""validation_mae"": 278.61907832656095, ""loss_scale"": 260.1792211168347}, {""eta"": 0.05, ""shrinkage"": 0.01, ""validation_mae"": 278.7557477497924, ""loss_scale"": 260.1792211168347}, {""eta"": 1.0, ""shrinkage"": 0.05, ""validation_mae"": 279.20316588987623, ""loss_scale"": 260.1792211168347}, {""eta"": 0.05, ""shrinkage"": 0.05, ""validation_mae"": 279.22821255551514, ""loss_scale"": 260.1792211168347}, {""eta"": 1.0, ""shrinkage"": 0.01, ""validation_mae"": 281.3804807689015, ""loss_scale"": 260.1792211168347}, {""eta"": 1.0, ""shrinkage"": 0.0, ""validation_mae"": 282.17172834305046, ""loss_scale"": 260.1792211168347}, {""eta"": 2.0, ""shrinkage"": 0.05, ""validation_mae"": 291.92824271304187, ""loss_scale"": 260.1792211168347}, {""eta"": 2.0, ""shrinkage"": 0.01, ""validation_mae"": 299.12985089332017, ""loss_scale"": 260.1792211168347}, {""eta"": 2.0, ""shrinkage"": 0.0, ""validation_mae"": 301.6368251953103, ""loss_scale"": 260.1792211168347}]"
exact,1,DK2,0.5,0.05,116.93999475841785,103.5038662817353,"[{""eta"": 0.5, ""shrinkage"": 0.05, ""validation_mae"": 116.93999475841785, ""loss_scale"": 103.5038662817353}, {""eta"": 0.05, ""shrinkage"": 0.05, ""validation_mae"": 117.10622428158966, ""loss_scale"": 103.5038662817353}, {""eta"": 0.1, ""shrinkage"": 0.05, ""validation_mae"": 117.22090016473638, ""loss_scale"": 103.5038662817353}, {""eta"": 0.05, ""shrinkage"": 0.01, ""validation_mae"": 117.30149329378781, ""loss_scale"": 103.5038662817353}, {""eta"": 0.25, ""shrinkage"": 0.05, ""validation_mae"": 117.31208922046507, ""loss_scale"": 103.5038662817353}, {""eta"": 0.05, ""shrinkage"": 0.0, ""validation_mae"": 117.38749930896088, ""loss_scale"": 103.5038662817353}, {""eta"": 1.0, ""shrinkage"": 0.05, ""validation_mae"": 117.64198702651932, ""loss_scale"": 103.5038662817353}, {""eta"": 0.1, ""shrinkage"": 0.01, ""validation_mae"": 117.72617893567673, ""loss_scale"": 103.5038662817353}, {""eta"": 0.1, ""shrinkage"": 0.0, ""validation_mae"": 117.90940620587234, ""loss_scale"": 103.5038662817353}, {""eta"": 0.5, ""shrinkage"": 0.01, ""validation_mae"": 118.2109374666846, ""loss_scale"": 103.5038662817353}, {""eta"": 0.25, ""shrinkage"": 0.01, ""validation_mae"": 118.28400733496477, ""loss_scale"": 103.5038662817353}, {""eta"": 0.5, ""shrinkage"": 0.0, ""validation_mae"": 118.6687989416221, ""loss_scale"": 103.5038662817353}, {""eta"": 0.25, ""shrinkage"": 0.0, ""validation_mae"": 118.69463346714483, ""loss_scale"": 103.5038662817353}, {""eta"": 1.0, ""shrinkage"": 0.01, ""validation_mae"": 119.5122215835766, ""loss_scale"": 103.5038662817353}, {""eta"": 1.0, ""shrinkage"": 0.0, ""validation_mae"": 120.06910488703626, ""loss_scale"": 103.5038662817353}, {""eta"": 2.0, ""shrinkage"": 0.05, ""validation_mae"": 121.81213726007131, ""loss_scale"": 103.5038662817353}, {""eta"": 2.0, ""shrinkage"": 0.01, ""validation_mae"": 124.7545659106294, ""loss_scale"": 103.5038662817353}, {""eta"": 2.0, ""shrinkage"": 0.0, ""validation_mae"": 125.58563510832415, ""loss_scale"": 103.5038662817353}]"
exact,2,DK1,0.1,0.0,342.4796845319972,232.68777357204738,"[{""eta"": 0.1, ""shrinkage"": 0.0, ""validation_mae"": 342.4796845319972, ""loss_scale"": 232.68777357204738}, {""eta"": 0.1, ""shrinkage"": 0.01, ""validation_mae"": 342.50929709852136, ""loss_scale"": 232.68777357204738}, {""eta"": 0.05, ""shrinkage"": 0.0, ""validation_mae"": 342.6186770513484, ""loss_scale"": 232.68777357204738}, {""eta"": 0.1, ""shrinkage"": 0.05, ""validation_mae"": 342.6538757406493, ""loss_scale"": 232.68777357204738}, {""eta"": 0.05, ""shrinkage"": 0.01, ""validation_mae"": 342.65860284274356, ""loss_scale"": 232.68777357204738}, {""eta"": 0.05, ""shrinkage"": 0.05, ""validation_mae"": 342.79192143501723, ""loss_scale"": 232.68777357204738}, {""eta"": 0.25, ""shrinkage"": 0.05, ""validation_mae"": 343.1690748009417, ""loss_scale"": 232.68777357204738}, {""eta"": 0.25, ""shrinkage"": 0.01, ""validation_mae"": 343.62859700312725, ""loss_scale"": 232.68777357204738}, {""eta"": 0.25, ""shrinkage"": 0.0, ""validation_mae"": 343.9010174917383, ""loss_scale"": 232.68777357204738}, {""eta"": 0.5, ""shrinkage"": 0.05, ""validation_mae"": 346.62892750293383, ""loss_scale"": 232.68777357204738}, {""eta"": 0.5, ""shrinkage"": 0.01, ""validation_mae"": 348.91079498862774, ""loss_scale"": 232.68777357204738}, {""eta"": 0.5, ""shrinkage"": 0.0, ""validation_mae"": 349.58627684419, ""loss_scale"": 232.68777357204738}, {""eta"": 1.0, ""shrinkage"": 0.05, ""validation_mae"": 356.10000002466614, ""loss_scale"": 232.68777357204738}, {""eta"": 1.0, ""shrinkage"": 0.01, ""validation_mae"": 359.4899754209787, ""loss_scale"": 232.68777357204738}, {""eta"": 1.0, ""shrinkage"": 0.0, ""validation_mae"": 360.4116517033981, ""loss_scale"": 232.68777357204738}, {""eta"": 2.0, ""shrinkage"": 0.05, ""validation_mae"": 368.42634409704095, ""loss_scale"": 232.68777357204738}, {""eta"": 2.0, ""shrinkage"": 0.01, ""validation_mae"": 373.53170005698684, ""loss_scale"": 232.68777357204738}, {""eta"": 2.0, ""shrinkage"": 0.0, ""validation_mae"": 374.90882306247914, ""loss_scale"": 232.68777357204738}]"
exact,2,DK2,0.5,0.05,156.75665955323504,104.66457546730764,"[{""eta"": 0.5, ""shrinkage"": 0.05, ""validation_mae"": 156.75665955323504, ""loss_scale"": 104.66457546730764}, {""eta"": 0.5, ""shrinkage"": 0.01, ""validation_mae"": 156.82338679939224, ""loss_scale"": 104.66457546730764}, {""eta"": 0.25, ""shrinkage"": 0.0, ""validation_mae"": 156.87789042753982, ""loss_scale"": 104.66457546730764}, {""eta"": 0.25, ""shrinkage"": 0.01, ""validation_mae"": 156.88018659828833, ""loss_scale"": 104.66457546730764}, {""eta"": 0.5, ""shrinkage"": 0.0, ""validation_mae"": 156.8845315050867, ""loss_scale"": 104.66457546730764}, {""eta"": 0.25, ""shrinkage"": 0.05, ""validation_mae"": 156.94307420568407, ""loss_scale"": 104.66457546730764}, {""eta"": 1.0, ""shrinkage"": 0.05, ""validation_mae"": 157.03481431155075, ""loss_scale"": 104.66457546730764}, {""eta"": 0.1, ""shrinkage"": 0.0, ""validation_mae"": 157.24449026533327, ""loss_scale"": 104.66457546730764}, {""eta"": 0.1, ""shrinkage"": 0.01, ""validation_mae"": 157.26068579967074, ""loss_scale"": 104.66457546730764}, {""eta"": 0.1, ""shrinkage"": 0.05, ""validation_mae"": 157.3269680226481, ""loss_scale"": 104.66457546730764}, {""eta"": 0.05, ""shrinkage"": 0.0, ""validation_mae"": 157.46601643167625, ""loss_scale"": 104.66457546730764}, {""eta"": 0.05, ""shrinkage"": 0.01, ""validation_mae"": 157.47597711670775, ""loss_scale"": 104.66457546730764}, {""eta"": 0.05, ""shrinkage"": 0.05, ""validation_mae"": 157.5151942272142, ""loss_scale"": 104.66457546730764}, {""eta"": 1.0, ""shrinkage"": 0.01, ""validation_mae"": 157.54642770436996, ""loss_scale"": 104.66457546730764}, {""eta"": 2.0, ""shrinkage"": 0.05, ""validation_mae"": 157.69584455897956, ""loss_scale"": 104.66457546730764}, {""eta"": 1.0, ""shrinkage"": 0.0, ""validation_mae"": 157.79490022497413, ""loss_scale"": 104.66457546730764}, {""eta"": 2.0, ""shrinkage"": 0.01, ""validation_mae"": 158.71374712082533, ""loss_scale"": 104.66457546730764}, {""eta"": 2.0, ""shrinkage"": 0.0, ""validation_mae"": 159.48553994170933, ""loss_scale"": 104.66457546730764}]"
