panel,price_area,model,mean_mae,std_mae,mean_rmse,std_rmse,mean_bias,mean_nmae,folds,observations,mae_cv
d2,DK1,benchmark::energinet_wind_forecast_mw,480.00223334359754,101.07895499664079,626.4453435543718,88.9249815656335,-368.9797839307125,0.24999612922673362,3,6336,0.21058017645573318
d2,DK1,ecmwf,379.8057796904664,24.289228366049457,521.2963105333121,38.177069088310525,-102.18441156547071,0.20251102332560997,3,6480,0.06395170812262167
d2,DK1,ensemble::best_validation_expert,379.8057796904664,24.289228366049457,521.2963105333121,38.177069088310525,-102.18441156547071,0.20251102332560997,3,6480,0.06395170812262167
d2,DK1,ensemble::dirichlet_mae,369.1517079549779,32.49108912951332,499.3161419447509,1.5000000144754408,-115.02572000125208,0.19646806522001883,3,6480,0.08801554599193664
d2,DK1,ensemble::equal_weight,378.49593349343155,39.81860252790968,509.50575256919177,12.329710803439955,-120.63229598131836,0.20119929846280973,3,6480,0.10520219374721683
d2,DK1,ensemble::hedge,363.66666143872976,27.056912777149233,492.3227742306015,6.52609020046549,-108.49595394525191,0.19379782310809066,3,6480,0.07440031118086901
d2,DK1,ensemble::inverse_mae,376.21717765365975,39.30662026664116,506.89295963846297,11.021207559582535,-121.01947726875183,0.1999368641645872,3,6480,0.10447853687006893
d2,DK1,ensemble::linear_stack,351.73534557196814,11.604684573860236,479.75329164717886,35.21116041794997,-33.542417720336125,0.18846558220543663,3,6480,0.03299265973679582
d2,DK1,ensemble::regime_disagreement_slsqp_mae,379.3503090674624,28.278710317091107,508.70581843728706,7.391415491891997,-116.66248708139813,0.2027780097454522,3,6480,0.07454510947047131
d2,DK1,ensemble::slsqp_mae,369.1148275759055,32.123676076238176,498.95765413918997,2.407339582241737,-112.88493546432188,0.19649347569497763,3,6480,0.08702895054962863
d2,DK1,ensemble::slsqp_mae_median_intercept,372.76129826942514,19.042868371534603,492.0456251397277,14.193019654913787,-55.90955904793487,0.1997188002713576,3,6480,0.051085958923157204
d2,DK1,ensemble::slsqp_mse,372.7126651699332,33.830162367809756,504.29836420180783,3.656078622318212,-111.92145913342334,0.19816710721781952,3,6480,0.09076740752124793
d2,DK1,gem_global,434.1326562996922,26.305270592070407,580.7804302631961,3.699164146561755,-135.13091464426643,0.23195558384034534,3,6480,0.060592701816725915
d2,DK1,gfs,456.5681058431065,33.10990286317684,615.6426227993583,16.872356986988017,-87.67082634485253,0.24313227369301746,3,6480,0.07251908847648376
d2,DK1,hourly_climatology,1100.8438766170652,153.89620221721697,1334.1487054622135,148.13679986013966,-275.1412309962266,0.5824559872345593,3,6480,0.13979839056755786
d2,DK1,icon_eu,441.4076294031898,74.83765953950763,584.2206410763212,56.27933210165971,-133.04582634758492,0.23151476825349349,3,6480,0.1695431944406868
d2,DK1,jma_gsm,494.93664165677575,71.7231328320628,664.2123280900938,57.950976328918635,-145.1295010044178,0.261080059413831,3,6480,0.1449137663196105
d2,DK1,persistence_168h,1477.4870423717966,214.14382669696542,1811.6103698496997,200.83023971905513,-15.684679937079318,0.7851486202306347,3,6480,0.14493787123385005
d2,DK1,persistence_24h,1180.9094343234567,126.55464279554212,1514.0214355625665,151.98899047793378,-6.317853487037038,0.6397990699395372,3,3240,0.10716710284226437
d2,DK1,persistence_48h,1376.623405088507,179.96364999465683,1733.0916321117575,159.43376837087692,-6.645870857890589,0.7260489228609538,3,6480,0.1307283090854368
d2,DK1,pooled_lightgbm,370.6115721831456,30.600407186099734,506.7695923733185,18.35737309222119,-96.76795024970501,0.1970423936326866,3,6480,0.08256732785175389
d2,DK2,benchmark::energinet_wind_forecast_mw,141.67883255517413,13.802476259219478,187.13982087129583,17.044245815806523,3.8777764660435516,0.24144446672898565,3,6336,0.09742087798362092
d2,DK2,ecmwf,152.37025532713196,14.750686877345283,212.3549168553244,19.178124184990473,-31.544064614451656,0.2615001463276703,3,6480,0.09680817851014448
d2,DK2,ensemble::best_validation_expert,152.3520754730558,14.719964356172502,212.3504316033991,19.170370049828104,-31.525884760375533,0.26147193619419357,3,6480,0.09661807566760584
d2,DK2,ensemble::dirichlet_mae,147.4228818370416,14.97115783462954,204.0451594686377,21.103434046793485,-31.000989786435692,0.2530723324073296,3,6480,0.10155247033617461
d2,DK2,ensemble::equal_weight,145.6013150646307,12.16283261008076,200.45906660150095,14.547695806513827,-32.71740088161106,0.2503132359062011,3,6480,0.08353518376315366
d2,DK2,ensemble::hedge,145.45292330385425,11.76338835938021,200.5719765906924,16.302581916009895,-30.478246049322212,0.25100960003212863,3,6480,0.08087419690291299
d2,DK2,ensemble::inverse_mae,145.47269671972407,12.318936586500367,200.30140540650882,14.850402735699756,-32.5258233777716,0.2500554552721301,3,6480,0.08468212155463598
d2,DK2,ensemble::linear_stack,145.07790039510564,11.554792332789463,205.62949649147768,19.85578637556363,18.43721930113571,0.2492209186772576,3,6480,0.07964543394494339
d2,DK2,ensemble::regime_disagreement_slsqp_mae,147.12372128549396,14.558187717692332,203.5586276827295,21.48819078274205,-30.509416225911405,0.2532956631459063,3,6480,0.09895200848979432
d2,DK2,ensemble::slsqp_mae,147.35521171523717,15.101719627877891,203.91022691060633,21.333733542268064,-30.98866585867799,0.2530011565598318,3,6480,0.10248514085176606
d2,DK2,ensemble::slsqp_mae_median_intercept,147.46913762969515,13.709183431256202,202.4585282162326,21.142576160858958,-6.546461150661512,0.2542240824595196,3,6480,0.09296306774154248
d2,DK2,ensemble::slsqp_mse,148.2743345126186,16.049328696830308,205.08918528891897,22.116067167885845,-31.145490064592536,0.2542988244676806,3,6480,0.10824077376293645
d2,DK2,gem_global,168.68567076411423,14.962615493535807,233.7492535579958,12.004266003973976,-46.099823634656275,0.2864918903282971,3,6480,0.08870116486929794
d2,DK2,gfs,170.73567043053757,10.66925447639957,234.0306016430552,9.44941438973112,-24.32454955695079,0.2938181732296602,3,6480,0.062489897099389485
d2,DK2,hourly_climatology,391.83203497868925,54.9645074588552,459.31837573046545,48.53783382213376,-56.515289994025984,0.6572872488116299,3,6480,0.14027568588628692
d2,DK2,icon_eu,160.3023685555653,15.80114693057837,218.94421318030768,16.025306410133748,-24.529836846838872,0.2736134612053375,3,6480,0.09857088870836771
d2,DK2,jma_gsm,173.13607572551834,17.895696316600823,239.92949197575797,17.932638069441143,-37.088729755157864,0.2949688879186931,3,6480,0.10336203036605615
d2,DK2,persistence_168h,517.1154186048697,61.25274358282264,639.2818942600302,52.45633666509908,-4.883848709027202,0.8719914072174483,3,6480,0.1184508165470621
d2,DK2,persistence_24h,421.882252654321,29.29240489471809,549.2322494719041,27.429519610824435,-2.508023454320989,0.7287686672463645,3,3240,0.06943265498944678
d2,DK2,persistence_48h,483.96891147010746,90.75046407565951,609.962524212882,83.51450533487775,-1.2962699444782837,0.8028125626902827,3,6480,0.1875130032629477
d2,DK2,pooled_lightgbm,140.55570177793777,14.854798059349012,199.52541339233562,21.474325851412328,-22.143284183975044,0.24297641775684495,3,6480,0.10568620035648163
exact,DK1,arpege_europe,364.95616843362393,2.7745231085323336,526.48212463356,17.873901110006088,-81.67736690431761,0.2545532881229071,2,2016,0.007602346113070144
exact,DK1,cma_grapes,454.7703119657416,120.00986468442686,617.4871033661808,162.5976743562377,-71.80145623248593,0.3051065173800233,2,2016,0.2638911589582113
exact,DK1,dmi,359.98862352729645,69.66070663870873,522.1573546304711,110.90647201594194,-86.78421633052244,0.24414573908961906,2,2016,0.19350807799465541
exact,DK1,ecmwf,328.6999404561609,42.72284198995052,495.81288131169805,79.17492001995923,27.38034425441178,0.22509207055812136,2,2016,0.1299752045304934
exact,DK1,ensemble::best_validation_expert,340.20797112777984,57.61331623803448,504.7400529801323,85.98485817490493,38.54840055452217,0.2315831353215682,2,2016,0.16934734376460361
exact,DK1,ensemble::dirichlet_mae,314.258339195591,46.74988589369148,466.9714612260532,79.18897679054461,3.7863080145318335,0.21459003971935944,2,2016,0.1487625945372124
exact,DK1,ensemble::equal_weight,324.1033815422993,56.217175204606974,466.9720109263426,82.78897748916245,-21.003816200443573,0.22048248005507892,2,2016,0.17345445436912224
exact,DK1,ensemble::hedge,312.0500868770433,40.07519747699071,470.75935036283545,78.6884307091205,5.177999781909129,0.21374050088200197,2,2016,0.12842552898497184
exact,DK1,ensemble::inverse_mae,320.11201290188706,51.17121112090711,464.6767234693709,78.32381864976061,-17.041356803210356,0.21821886409809227,2,2016,0.15985407937999146
exact,DK1,ensemble::linear_stack,344.50867429569394,21.32231147617847,528.7086049227555,75.10485599278154,30.091374072201972,0.23835107829045538,2,2016,0.06189194370727919
exact,DK1,ensemble::regime_disagreement_slsqp_mae,320.22578179813297,41.55169125931405,473.37386651211386,74.97902374444917,-1.3273240236512756,0.21929624203680537,2,2016,0.12975748244252178
exact,DK1,ensemble::slsqp_mae,315.6921173763527,44.526656869754056,470.3162068079811,75.83225044428734,11.283354698408289,0.21582185577729507,2,2016,0.14104456341769075
exact,DK1,ensemble::slsqp_mae_median_intercept,321.9686346917076,42.98920820356246,479.3847462231552,68.03361401981692,-11.302603134580131,0.2203641101037267,2,2016,0.1335198636498416
exact,DK1,ensemble::slsqp_mse,319.5888653155181,41.60668615790148,471.7935235857718,74.24051004131879,2.5675746929291066,0.21884579161475382,2,2016,0.1301881594555078
exact,DK1,gfs,392.59557210458513,87.50664593880518,532.7408491592014,107.11199456833587,-38.38239613636959,0.26506312687329137,2,2016,0.22289259522135907
exact,DK1,hourly_climatology,1139.695228610113,184.97378627384703,1321.551770254443,167.91115279528879,357.5399875908803,0.7766355966581545,2,2016,0.16230109737269605
exact,DK1,icon_eu,340.20797112777984,57.61331623803448,504.7400529801323,85.98485817490493,38.54840055452217,0.2315831353215682,2,2016,0.16934734376460361
exact,DK1,persistence_168h,1364.4070008209894,392.4924629515014,1727.3798955348766,482.135317340128,33.79576764239623,0.9277095606566731,2,1969,0.287665236777099
exact,DK1,persistence_24h,1135.5701363563444,283.0534646983956,1475.3198190996495,347.5701672149237,-5.815179100730747,0.8043724481914412,2,996,0.24926110297917592
exact,DK1,persistence_48h,1216.4474256983704,317.242034683247,1578.120388036904,393.3185777035797,-41.798023095942135,0.8290832992518362,2,1969,0.26079387237069973
exact,DK1,pooled_lightgbm,315.9249707536859,35.587386289711944,471.7348545631746,58.755161697546505,-63.32130361830802,0.2169118183489711,2,2016,0.11264505684629156
exact,DK1,ukmo_global,405.19559010369085,85.38481738998496,545.0597585409512,109.46492632100959,65.68997739165707,0.2740815710069028,2,2016,0.21072494241147766
exact,DK2,arpege_europe,138.75264378029274,17.607229009116345,211.26312136130053,39.566416977131546,5.527796116899808,0.3430446773827378,2,2016,0.12689652989240646
exact,DK2,cma_grapes,170.36968320882897,28.495096773528967,233.02268407148972,45.45230447772827,18.42254914598279,0.4185682871161361,2,2016,0.16725450348229726
exact,DK2,dmi,146.33505197744364,20.493532635587528,214.20983157796013,38.92853007683917,26.51224708210831,0.361050931459432,2,2016,0.1400452752683372
exact,DK2,ecmwf,137.18112950931715,17.91010528945879,206.99364009756474,42.99881593736994,22.23677924020662,0.3389661469252734,2,2016,0.13055808297774923
exact,DK2,ensemble::best_validation_expert,137.50364341327236,15.840875750667132,202.56639261283374,27.267385232769787,15.651392447886948,0.34057515831720586,2,2016,0.11520331648999864
exact,DK2,ensemble::dirichlet_mae,129.64182266806483,19.16444948064401,193.09739687199624,38.49112178626551,18.505156042665956,0.31947590925883207,2,2016,0.14782613423842939
exact,DK2,ensemble::equal_weight,130.3656244007994,24.537820517404253,193.06529941464848,48.66921109428536,22.202573948052816,0.3192339259029604,2,2016,0.18822308894839143
exact,DK2,ensemble::hedge,127.3417700796311,19.47420985277805,190.52881286094066,41.48296799914134,18.094976748116707,0.31355797206917935,2,2016,0.15292868821126146
exact,DK2,ensemble::inverse_mae,129.6096795888861,23.28492091696099,192.6207237549553,47.3715893826636,21.697123128254898,0.3178099832945439,2,2016,0.17965418162300315
exact,DK2,ensemble::linear_stack,136.3102473372959,22.595050224804254,199.63679192990742,45.58461410923009,-7.894360791285034,0.3349685110161844,2,2016,0.16576193401581493
exact,DK2,ensemble::regime_disagreement_slsqp_mae,134.7340081634381,17.439232907214183,199.63975805261686,42.17522558011799,22.43151577586606,0.3329776871438036,2,2016,0.12943452915064807
exact,DK2,ensemble::slsqp_mae,129.57289413159168,17.714524518682754,193.50606437986573,37.11524334152277,18.067521669728855,0.319859825313052,2,2016,0.13671473989530736
exact,DK2,ensemble::slsqp_mae_median_intercept,130.9174366404947,20.20448693304501,192.97580160698877,35.97770663350784,-11.808029409660946,0.3222918937472869,2,2016,0.15432999187516525
exact,DK2,ensemble::slsqp_mse,133.31534572734427,18.081057335075357,194.19818643635068,37.09608901270547,18.60614638127673,0.3291541478263439,2,2016,0.1356262269465559
exact,DK2,gfs,157.37553043861715,25.253226480826402,233.74367512673734,44.06454958188831,30.50539811097909,0.3870549442947395,2,2016,0.16046475846939995
exact,DK2,hourly_climatology,404.9257489947015,48.46342869839256,460.651424499213,38.638455546698665,184.56310009982536,1.0022401810790083,2,2016,0.11968472940708622
exact,DK2,icon_eu,132.44094968497654,23.022287565118194,192.87756153678413,40.97049142668461,6.164768095958563,0.3250490759408688,2,2016,0.17383058351573968
exact,DK2,persistence_168h,425.41445005170806,104.63538197273002,552.28865297275,132.39497042274508,12.065905832835742,1.052443644908297,2,1969,0.24596104330732502
exact,DK2,persistence_24h,395.7192859573655,153.2568405432164,516.0033769062961,177.78734559137786,5.402118535520715,0.9561928140252968,2,996,0.3872867610494177
exact,DK2,persistence_48h,390.6661590263217,113.4268306239749,518.7597390721369,140.6823192812981,-5.342358782665316,0.9538592226379896,2,1969,0.2903420938907908
exact,DK2,pooled_lightgbm,130.06204260335306,23.840206335171036,200.80850280943906,56.54685282786737,28.653589685350937,0.3187368774351718,2,2016,0.1832987231169044
exact,DK2,ukmo_global,154.20781815103737,36.91474033570731,219.5086468819087,65.33982047060233,46.04847984423474,0.37458319031595616,2,2016,0.23938306616563057
