panel,price_area,model_a,model_b,interpretation,common_observations,common_days,model_a_mae,model_b_mae,mae_difference_a_minus_b,relative_improvement_a_vs_b,hourly_win_rate_a,daily_win_rate_a,hac_mean,hac_standard_error,hac_ci_lower,hac_ci_upper,hac_z_statistic,hac_p_value,hac_lag,bootstrap_ci_lower,bootstrap_ci_upper,bootstrap_draws,bootstrap_blocks,hac_significant_at_5pct,bootstrap_significant_at_5pct
d2,DK1,ensemble::linear_stack,ecmwf,negative difference favours model_a,6480,270,351.7367003695247,379.8110617254934,-28.074361355968676,0.07391665010604478,0.5316358024691358,0.562962962962963,-28.07436135596859,9.121835275356334,-45.95282996857401,-10.195892743363174,-3.0777097490254666,0.002085979807713967,48,-44.623997109228505,-12.173545212650145,2000,270,True,True
d2,DK1,ensemble::linear_stack,pooled_lightgbm,negative difference favours model_a,6480,270,351.7367003695247,370.6150903193445,-18.87838994981979,0.0509379958963706,0.5166666666666667,0.5074074074074074,-18.878389949819788,7.3885512966833575,-33.359684389245885,-4.397095510393694,-2.555086808193928,0.010616131846409749,48,-31.678223973359433,-6.28020482324693,2000,270,True,True
d2,DK1,ensemble::linear_stack,benchmark::energinet_wind_forecast_mw,negative difference favours model_a,6336,264,354.54602952128243,480.75142881439393,-126.2053992931115,0.2625169510246765,0.579229797979798,0.5871212121212122,-126.20539929311153,22.418063642719726,-170.143996635969,-82.26680195025406,-5.629629806769541,1.80596813059708e-08,48,-164.94719239921162,-89.20239354185524,2000,264,True,True
d2,DK2,pooled_lightgbm,ecmwf,negative difference favours model_a,6480,270,140.55935341313173,152.37460085471798,-11.815247441586251,0.07754079338230087,0.5597222222222222,0.6444444444444445,-11.815247441586271,2.2038670874140474,-16.134747559630988,-7.495747323541552,-5.361143377956578,8.269684670381139e-08,48,-15.809635598692667,-7.804169789984305,2000,270,True,True
d2,DK2,pooled_lightgbm,ensemble::equal_weight,negative difference favours model_a,6480,270,140.55935341313173,145.60488147343543,-5.045528060303695,0.03465219029228918,0.5407407407407407,0.5925925925925926,-5.045528060303694,2.0426191564672416,-9.048988041111071,-1.0420680794963157,-2.470126672575643,0.013506521545302297,48,-8.766455660755003,-1.4687174028402608,2000,270,True,True
d2,DK2,pooled_lightgbm,benchmark::energinet_wind_forecast_mw,negative difference favours model_a,6336,264,141.06034606195502,141.3509937405303,-0.29064767857528295,0.00205621248838765,0.5405618686868687,0.5151515151515151,-0.2906476785753126,4.140625456851029,-8.406124447473037,7.824829090322411,-0.07019414859038034,0.9440391315876742,48,-7.915832277221786,8.112611127620754,2000,264,False,False
exact,DK1,ensemble::dirichlet_mae,ecmwf,negative difference favours model_a,2016,84,314.258339195591,328.69994045616096,-14.44160126056994,0.04393551529254393,0.5540674603174603,0.6309523809523809,-14.441601260569918,8.428539407843342,-30.96123494221942,2.078032421079584,-1.713416828440169,0.08663588252177634,48,-30.0227303967656,0.7067305229625542,2000,84,False,False
exact,DK1,ensemble::dirichlet_mae,pooled_lightgbm,negative difference favours model_a,2016,84,314.258339195591,315.9249707536859,-1.6666315580948776,0.005275403062058946,0.5089285714285714,0.5238095238095238,-1.6666315580948703,6.900064062138967,-15.190508610906388,11.857245494716647,-0.24153856298809886,0.8091377321061672,48,-13.754999839209429,10.84143095220774,2000,84,False,False
exact,DK1,ensemble::dirichlet_mae,ensemble::equal_weight,negative difference favours model_a,2016,84,314.258339195591,324.1033815422993,-9.845042346708283,0.03037624075336403,0.5426587301587301,0.5833333333333334,-9.845042346708276,6.588788278476118,-22.75883007428113,3.068745380864577,-1.494211367949021,0.13512038226654255,48,-21.57357497323695,1.3859013472202721,2000,84,False,False
exact,DK2,pooled_lightgbm,ecmwf,negative difference favours model_a,2016,84,130.06204260335306,137.18112950931715,-7.119086905964082,0.05189552623912871,0.5362103174603174,0.5476190476190477,-7.119086905964081,3.5734539793201407,-14.122928005842894,-0.11524580608526769,-1.9922145205067134,0.04634752571672385,48,-14.653639002513529,-0.4361474991406162,2000,84,True,True
exact,DK2,pooled_lightgbm,ensemble::inverse_mae,negative difference favours model_a,2016,84,130.06204260335306,129.6096795888861,0.4523630144669539,-0.0034901946822322332,0.49851190476190477,0.4880952380952381,0.4523630144669616,2.3894652370780283,-4.230902792516434,5.135628821450358,0.18931558720650668,0.8498454793992527,48,-4.457429387421363,5.355632317095896,2000,84,False,False
exact,DK2,pooled_lightgbm,ensemble::equal_weight,negative difference favours model_a,2016,84,130.06204260335306,130.36562440079936,-0.30358179744629865,0.002328695151361061,0.5099206349206349,0.5,-0.3035817974463051,2.5192586483270945,-5.241238015908467,4.634074421015857,-0.12050441809454444,0.9040835800174172,48,-5.45027460019755,4.919647859372385,2000,84,False,False
