panel,fold_id,price_area,model,mae,rmse,bias,nmae_mean,observations
d2,1,DK1,benchmark::energinet_wind_forecast_mw,447.37167817550824,585.7961868895942,-306.56510534853743,0.23493013551877212,2017
d2,1,DK1,ecmwf,386.96828034572565,564.8292088582855,-78.97198673868817,0.20425844751777925,2161
d2,1,DK1,ensemble::best_validation_expert,386.96828034572565,564.8292088582855,-78.97198673868817,0.20425844751777925,2161
d2,1,DK1,ensemble::dirichlet_mae,351.38315831423574,499.72177354591895,-82.9925124017344,0.18547509459182634,2161
d2,1,DK1,ensemble::equal_weight,352.22090638684926,498.7816852697483,-80.82624139477352,0.18591729393842438,2161
d2,1,DK1,ensemble::hedge,351.55151148912876,496.9830546127968,-81.75487459736689,0.18556395861475766,2161
d2,1,DK1,ensemble::inverse_mae,351.5362692905751,498.0135441551923,-81.80182012903792,0.18555591312893502,2161
d2,1,DK1,ensemble::linear_stack,349.92272318435164,514.6857090321054,-32.56659765860799,0.18470421432209458,2161
d2,1,DK1,ensemble::regime_disagreement_slsqp_mae,355.6267113091905,507.431091219444,-77.69838435238098,0.18771502378171878,2161
d2,1,DK1,ensemble::slsqp_mae,351.1389693317167,499.1313471890317,-82.75566077721773,0.18534620117858397,2161
d2,1,DK1,ensemble::slsqp_mae_median_intercept,356.92320499735507,504.2820330018058,-109.62101282313762,0.18839936873041718,2161
d2,1,DK1,ensemble::slsqp_mse,357.16772901963634,507.9205046885992,-77.76370062875826,0.18852843899200905,2161
d2,1,DK1,gem_global,418.8436621917229,577.2522326553544,-89.68562222500536,0.2210836405389822,2161
d2,1,DK1,gfs,450.83568977702504,623.6292884558515,-37.42226201039059,0.23797040418193915,2161
d2,1,DK1,hourly_climatology,1002.6921023414449,1221.703353223173,-312.52252558805407,0.5292638765627551,2161
d2,1,DK1,icon_eu,426.41037080871405,584.9782915150389,-123.41662492607425,0.22507767372833087,2161
d2,1,DK1,jma_gsm,462.96951234608713,655.6895079949412,-74.63471107370977,0.24437515590525488,2161
d2,1,DK1,persistence_168h,1286.49185184174,1606.446575875877,-156.24982879685328,0.6790655507130877,2161
d2,1,DK1,persistence_24h,1121.6433914518518,1402.7496251340763,-27.273539753703698,0.6082840601372467,1080
d2,1,DK1,persistence_48h,1375.3605761212402,1698.3462890353912,-63.324344044423846,0.7259742731489388,2161
d2,1,DK1,pooled_lightgbm,365.6146718351744,527.6981904976243,-72.03564520091518,0.192987097526584,2161
d2,1,DK2,benchmark::energinet_wind_forecast_mw,156.29421079672778,203.30120474836343,17.272858996033708,0.24012930892456058,2017
d2,1,DK2,ecmwf,168.98946147302107,234.45845120733972,-62.92505110177055,0.2622251666238624,2161
d2,1,DK2,ensemble::best_validation_expert,168.9349219107927,234.44499545156387,-62.87051153954217,0.2621405362234323,2161
d2,1,DK2,ensemble::dirichlet_mae,164.41517451084175,227.71831177023446,-54.97313830635996,0.2551271313358197,2161
d2,1,DK2,ensemble::equal_weight,159.34833343812977,216.09328020114455,-51.50599635545955,0.24726478753658437,2161
d2,1,DK2,ensemble::hedge,159.03556861048688,217.2413781670119,-55.99522364823443,0.24677946254455324,2161
d2,1,DK2,ensemble::inverse_mae,159.39225144165763,216.33620043401888,-51.626711392139555,0.2473329361991844,2161
d2,1,DK2,ensemble::linear_stack,157.90791267228744,227.66568649103422,39.722041055965455,0.24502965067042082,2161
d2,1,DK2,ensemble::regime_disagreement_slsqp_mae,163.90059282603417,227.15764323393896,-53.52880234527097,0.25432864208764966,2161
d2,1,DK2,ensemble::slsqp_mae,164.53423148829373,227.7968065301457,-55.024885192958,0.25531187502029534,2161
d2,1,DK2,ensemble::slsqp_mae_median_intercept,163.2952814025639,225.57425142098194,-44.94606371713242,0.2533893652386956,2161
d2,1,DK2,ensemble::slsqp_mse,166.45437577112966,230.10038046659054,-54.143514970039234,0.2582914108453083,2161
d2,1,DK2,gem_global,173.2844225328554,235.15268784238785,-59.50537971700057,0.2688897649351474,2161
d2,1,DK2,gfs,182.49424052752266,244.89564660698997,-48.103169021218626,0.2831808694642463,2161
d2,1,DK2,hourly_climatology,404.30029546939863,467.64155495750316,-68.20457931294254,0.6273628628757152,2161
d2,1,DK2,icon_eu,176.33320222583552,237.44859067382038,-39.54244266169105,0.2736206325053645,2161
d2,1,DK2,jma_gsm,190.64781188160538,259.0931306045749,-47.45393927561711,0.2958329697092384,2161
d2,1,DK2,persistence_168h,536.8569389407681,646.7074931462524,-46.799684254974544,0.8330543161674882,2161
d2,1,DK2,persistence_24h,411.5234098194444,534.3744568921417,-12.691917565740747,0.6758059940900353,1080
d2,1,DK2,persistence_48h,524.6150482841279,642.4250451747452,-18.087284677464147,0.81405826878532,2161
d2,1,DK2,pooled_lightgbm,157.5730520090371,222.4667547267069,-45.878064131247946,0.24451003901859827,2161
d2,2,DK1,benchmark::energinet_wind_forecast_mw,593.3659024407407,728.4301134936876,-525.0001542675925,0.24667615775417615,2160
d2,2,DK1,ecmwf,399.70836535465594,493.51706861335583,-157.8045004252179,0.1661681660208576,2160
d2,2,DK1,ensemble::best_validation_expert,399.70836535465594,493.51706861335583,-157.8045004252179,0.1661681660208576,2160
d2,2,DK1,ensemble::dirichlet_mae,406.6520596478055,497.655040405182,-175.44289982768797,0.16905482300908048,2160
d2,2,DK1,ensemble::equal_weight,424.3097124420663,522.9775059375116,-188.7864340676278,0.17639552446888596,2160
d2,2,DK1,ensemble::hedge,394.664041651428,484.8641651282102,-161.69323109243533,0.16407112204771684,2160
d2,2,DK1,ensemble::inverse_mae,421.5447500568002,519.2278558881701,-188.2001112797615,0.17524606459138586,2160
d2,2,DK1,ensemble::linear_stack,364.13967851383046,444.26985565103286,-36.03565814020495,0.15138142655678363,2160
d2,2,DK1,ensemble::regime_disagreement_slsqp_mae,410.6434907911296,502.0346715369565,-177.5792248269611,0.17071415478787924,2160
d2,2,DK1,ensemble::slsqp_mae,406.2022576711435,496.46817220548246,-169.87612237929253,0.16886782975096298,2160
d2,2,DK1,ensemble::slsqp_mae_median_intercept,393.8900737802138,476.4857821084358,-97.03582582252548,0.16374936540495902,2160
d2,2,DK1,ensemble::slsqp_mse,411.52133961594416,504.36532074550337,-172.23746056350467,0.17107909718565362,2160
d2,2,DK1,gem_global,464.50713917190615,580.459419570418,-206.9637996192626,0.19310653994270177,2160
d2,2,DK1,gfs,492.1699247936634,627.0387769367292,-97.59211866383748,0.20460661037459527,2160
d2,2,DK1,hourly_climatology,1278.211279303618,1502.0026654706223,-395.935663081128,0.5313824840283201,2160
d2,2,DK1,icon_eu,522.6082733359793,640.1173229285865,-174.76738609381823,0.21726054757576563,2160
d2,2,DK1,jma_gsm,577.085036592043,725.9527500524042,-306.8043655360033,0.23990781900072206,2160
d2,2,DK1,persistence_168h,1708.9927491898147,2007.8066269386447,68.21274105648148,0.7104684702404042,2160
d2,2,DK1,persistence_24h,1326.2218823435187,1687.192830648918,-3.6901381935185142,0.5439705527283694,1080
d2,2,DK1,persistence_48h,1557.215146496296,1907.0328105337248,39.51638364629631,0.6473709519779418,2160
d2,2,DK1,pooled_lightgbm,403.4028954486594,499.2187933129649,-152.19663612207853,0.16770406905227078,2160
d2,2,DK2,benchmark::energinet_wind_forecast_mw,139.8758132726852,169.33217828966824,-36.68463312731482,0.17280006836115672,2160
d2,2,DK2,ecmwf,147.29086179287324,200.13021570126216,-24.013562888326383,0.18196048617186053,2160
d2,2,DK2,ensemble::best_validation_expert,147.29086179287324,200.13021570126216,-24.013562888326383,0.18196048617186053,2160
d2,2,DK2,ensemble::dirichlet_mae,141.68028941741406,187.20445265943172,-33.17645750292891,0.17502928579246022,2160
d2,2,DK2,ensemble::equal_weight,141.2176073719472,187.32087183779439,-35.45840200499129,0.17445769670056846,2160
d2,2,DK2,ensemble::hedge,138.7670309557628,184.66281440625102,-28.819524836400845,0.17143029859411116,2160
d2,2,DK2,ensemble::inverse_mae,141.05077197062033,187.02107404063455,-35.287592806078116,0.17425159124116255,2160
d2,2,DK2,ensemble::linear_stack,141.83406353288797,189.12897499245645,40.24287233381371,0.17521925557382811,2160
d2,2,DK2,ensemble::regime_disagreement_slsqp_mae,139.65358046115716,185.1215607265335,-31.5673523423281,0.1725255259358035,2160
d2,2,DK2,ensemble::slsqp_mae,141.35855651934062,186.75141484395297,-32.960123505780025,0.17463182274663155,2160
d2,2,DK2,ensemble::slsqp_mae_median_intercept,139.85870465714243,184.0994878734644,10.143975087209522,0.1727789326846864,2160
d2,2,DK2,ensemble::slsqp_mse,142.29807792356053,188.11698789567356,-33.73964317781387,0.1757924906210658,2160
d2,2,DK2,gem_global,180.80914043928993,244.99011492511718,-43.82932984052674,0.2233683658183423,2160
d2,2,DK2,gfs,168.0399389056862,227.72944186185723,-30.09111384573311,0.20759352350430657,2160
d2,2,DK2,hourly_climatology,439.4913546177723,503.15641973857987,-113.1857210462445,0.542939728786683,2160
d2,2,DK2,icon_eu,159.83251486699683,209.65387051029506,-31.687294965964394,0.1974542192045011,2160
d2,2,DK2,jma_gsm,173.8807481192425,237.1407370661418,-47.67070848440606,0.2148091543397778,2160
d2,2,DK2,persistence_168h,566.0630473773148,687.6297576748574,6.237355879166678,0.6993041255305147,2160
d2,2,DK2,persistence_24h,454.94654032314816,580.8853701213632,-2.0165537935185167,0.561225043056427,1080
d2,2,DK2,persistence_48h,547.2913175462963,672.3716550771732,7.376231740740737,0.6761138675283431,2160
d2,2,DK2,pooled_lightgbm,130.1835973725795,179.9050302082856,-14.545363747396143,0.160826478853982,2160
d2,3,DK1,benchmark::energinet_wind_forecast_mw,399.26911941454375,565.1097302798336,-275.3740921760074,0.2683820944072526,2159
d2,3,DK1,ecmwf,352.7406933710177,505.5426541282947,-69.77674753250602,0.237106456438193,2159
d2,3,DK1,ensemble::best_validation_expert,352.7406933710177,505.5426541282947,-69.77674753250602,0.237106456438193,2159
d2,3,DK1,ensemble::dirichlet_mae,349.41990590289254,500.5716118831518,-86.64174777433385,0.23487427805914973,2159
d2,3,DK1,ensemble::equal_weight,358.95718165137913,506.7580665003153,-92.28421248155381,0.2412850769811189,2159
d2,3,DK1,ensemble::hedge,344.78443117563245,495.1211029507976,-82.03975614595352,0.2317583886617975,2159
d2,3,DK1,ensemble::inverse_mae,355.570513613604,503.4374788720266,-93.05650039745603,0.23900861477344065,2159
d2,3,DK1,ensemble::linear_stack,341.14363501772243,480.3043102583982,-32.02499736219545,0.22931110573743171,2159
d2,3,DK1,ensemble::regime_disagreement_slsqp_mae,371.78072510206704,516.6516925554607,-94.70985206485229,0.2499048506667586,2159
d2,3,DK1,ensemble::slsqp_mae,350.0032557248563,501.27344302305573,-86.02302323645544,0.23526639615538592,2159
d2,3,DK1,ensemble::slsqp_mae_median_intercept,367.47061603070654,495.3690603089415,38.92816150185848,0.2470076666786966,2159
d2,3,DK1,ensemble::slsqp_mse,349.4489268742191,500.6092671713209,-85.76321620800708,0.2348937854757959,2159
d2,3,DK1,gem_global,419.0471675354476,584.6296385638157,-108.74332208853126,0.28167657103935206,2159
d2,3,DK1,gfs,426.6987029586311,596.2598030054943,-127.99809836032952,0.28681980652251793,2159
d2,3,DK1,hourly_climatology,1021.6282482061328,1278.740097692845,-116.96550431949781,0.6867216011126025,2159
d2,3,DK1,icon_eu,375.204244064876,527.5663087853379,-100.95346802286231,0.252206083456384,2159
d2,3,DK1,jma_gsm,444.7553760321971,610.9947262229362,-53.94942640354035,0.2989572033355161,2159
d2,3,DK1,persistence_168h,1436.976526083835,1820.5779067345777,40.983047929133846,0.965911839738412,2159
d2,3,DK1,persistence_24h,1094.8630291749998,1452.121850904705,12.010117486111099,0.7671425969529954,1080
d2,3,DK1,persistence_48h,1197.2944926479852,1593.895796766156,3.870347824455765,0.8048015434559808,2159
d2,3,DK1,pooled_lightgbm,342.81714926560284,493.39179330936634,-66.07156942612133,0.2304360143192051,2159
d2,3,DK2,benchmark::energinet_wind_forecast_mw,128.86647359610933,188.78607957585587,31.045103529411765,0.3114040229012396,2159
d2,3,DK2,ecmwf,140.8304427155015,202.4760836573713,-7.693579853258039,0.34031478618728794,2159
d2,3,DK2,ensemble::best_validation_expert,140.8304427155015,202.4760836573713,-7.693579853258039,0.34031478618728794,2159
d2,3,DK2,ensemble::dirichlet_mae,136.17318158286892,197.21271397624685,-4.853373550018207,0.329060580093709,2159
d2,3,DK2,ensemble::equal_weight,136.2380043838152,197.9630477655639,-11.18780428438233,0.3292172234814505,2159
d2,3,DK2,ensemble::hedge,138.55617034531306,199.81173719881423,-6.619989663331361,0.3348190389577215,2159
d2,3,DK2,ensemble::inverse_mae,135.97506674689424,197.54694174487298,-10.663165935097137,0.3285818383760432,2159
d2,3,DK2,ensemble::linear_stack,135.49172498014156,200.09382799094243,-24.653255486372036,0.32741384978752386,2159
d2,3,DK2,ensemble::regime_disagreement_slsqp_mae,137.81699056929057,198.39667908771617,-6.4320939901351455,0.33303282141426577,2159
d2,3,DK2,ensemble::slsqp_mae,136.17284713807715,197.18245935772038,-4.980988877295941,0.3290597719125685,2159
d2,3,DK2,ensemble::slsqp_mae_median_intercept,139.25342682937912,197.70184535425147,15.16270517793836,0.3365039494551769,2159
d2,3,DK2,ensemble::slsqp_mse,136.07054984316557,197.0501875044928,-5.5533120459245096,0.3288125719366677,2159
d2,3,DK2,gem_global,151.96344932019744,221.10495790648235,-34.96476134644151,0.3672175402314015,2159
d2,3,DK2,gfs,161.67283185840384,229.46671646031848,5.220634196099369,0.3906801267204277,2159
d2,3,DK2,hourly_climatology,331.70445484889666,407.1571524953133,11.844430377109084,0.8015591547724916,2159
d2,3,DK2,icon_eu,144.74138857386356,209.73017835680764,-2.3597729128611724,0.34976553190614695,2159
d2,3,DK2,jma_gsm,154.8796671757071,223.5546082565572,-16.141541505450434,0.3742645397070631,2159
d2,3,DK2,persistence_168h,448.4262694965261,583.5084319589807,25.91078224872626,1.083615779954342,2159
d2,3,DK2,persistence_24h,399.1768078203703,532.4369214022072,7.184400996296297,0.949274964592631,1080
d2,3,DK2,persistence_48h,380.00036857989807,515.0908723867278,6.822243103288559,0.918265551757185,2159
d2,3,DK2,pooled_lightgbm,133.9104559521967,196.2044552420143,-6.006424673281055,0.3235927353979545,2159
exact,1,DK1,arpege_europe,366.9180525382259,539.1208813147032,-23.234713767516148,0.20237997109661743,1008
exact,1,DK1,cma_grapes,539.6301010933798,732.4610215086385,-139.52448546917003,0.2976422759977592,1008
exact,1,DK1,dmi,409.24618157377415,600.5800730704198,-61.57650360780447,0.22572677965926152,1008
exact,1,DK1,ecmwf,358.90955173881633,551.7980041577138,115.00009668927619,0.1979627445548874,1008
exact,1,DK1,ensemble::best_validation_expert,380.94673772633905,565.5405292749712,163.98566889343633,0.21011773402011955,1008
exact,1,DK1,ensemble::dirichlet_mae,347.31550053071754,522.9665237098714,66.11059954611905,0.1915678459333668,1008
exact,1,DK1,ensemble::equal_weight,363.85492734862913,525.5126583164298,14.898896250479783,0.20069045164384716,1008
exact,1,DK1,ensemble::hedge,340.38753077041343,526.4004733181823,79.67004368471677,0.18774660489562167,1008
exact,1,DK1,ensemble::inverse_mae,356.2955232870089,520.060026765042,25.245769404037773,0.19652093214238037,1008
exact,1,DK1,ensemble::linear_stack,359.5858253310715,581.8157578952904,207.6785289526629,0.1983357549017679,1008
exact,1,DK1,ensemble::regime_disagreement_slsqp_mae,349.6072644573637,526.3920426485611,57.208389261879,0.19283190779684406,1008
exact,1,DK1,ensemble::slsqp_mae,347.1772183925224,523.9377053297733,85.70308603483508,0.1914915740384913,1008
exact,1,DK1,ensemble::slsqp_mae_median_intercept,352.366595330287,527.4917760451959,105.27047869645702,0.1943538642621778,1008
exact,1,DK1,ensemble::slsqp_mse,349.00923524047073,524.2894916747363,61.81955789379966,0.19250205448275254,1008
exact,1,DK1,gfs,454.4721148468046,608.4804668648883,-34.64220498149385,0.25067192205630917,1008
exact,1,DK1,hourly_climatology,1270.4914472261014,1440.2828850328424,170.79365846256104,0.7007614386630127,1008
exact,1,DK1,icon_eu,380.94673772633905,565.5405292749712,163.98566889343633,0.21011773402011955,1008
exact,1,DK1,persistence_168h,1641.9410829386059,2068.301047875609,131.18172898022894,0.9370221796129865,961
exact,1,DK1,persistence_24h,1335.719160682927,1721.0890412754643,16.317576621951208,0.772462908307911,492
exact,1,DK1,persistence_48h,1440.7714197003122,1856.238621497753,-50.23608283870967,0.8198320427524143,961
exact,1,DK1,pooled_lightgbm,341.08905292384634,513.2810278292219,-16.61336366504016,0.18813354152126124,1008
exact,1,DK1,ukmo_global,465.57177349052427,622.4631502446229,84.2844159966311,0.25679412994430695,1008
exact,1,DK2,arpege_europe,151.2028348105434,239.2408031130848,2.527039671401701,0.2989577050468658,1008
exact,1,DK2,cma_grapes,190.51875936795824,265.16231678824704,0.1292947017278486,0.37669301068586336,1008
exact,1,DK2,dmi,160.8261678745354,241.7364591769176,33.092456598005164,0.31798492481637275,1008
exact,1,DK2,ecmwf,149.84548641125852,237.39839442987122,33.312292131888405,0.2962739606388479,1008
exact,1,DK2,ensemble::best_validation_expert,148.7048340765026,221.84734561615116,22.77423233337598,0.2940186669158019,1008
exact,1,DK2,ensemble::dirichlet_mae,143.19313485353524,220.31473010254186,24.84949872034486,0.28312095489425443,1008
exact,1,DK2,ensemble::equal_weight,147.71648368419432,227.4796286144172,26.813347082430035,0.29206450404949796,1008
exact,1,DK2,ensemble::hedge,141.11211592478034,219.86170083687807,25.493838440608673,0.27900637169957304,1008
exact,1,DK2,ensemble::inverse_mae,146.0746050686617,226.1174958430214,26.5924397956489,0.2888181875139635,1008
exact,1,DK2,ensemble::linear_stack,152.2873605725056,231.869981684316,-0.5892814243625325,0.30110202551061027,1008
exact,1,DK2,ensemble::regime_disagreement_slsqp_mae,147.06540801082082,229.46214605839063,29.112133117291844,0.2907771995530745,1008
exact,1,DK2,ensemble::slsqp_mae,142.09895454424762,219.75050463204536,25.633385280203544,0.28095754549401425,1008
exact,1,DK2,ensemble::slsqp_mae_median_intercept,145.20416636124585,218.4158819390824,-9.401565537410988,0.28709715920997,1008
exact,1,DK2,ensemble::slsqp_mse,146.10058397999882,220.4290825327345,19.600032904700598,0.28886955292468935,1008
exact,1,DK2,gfs,175.2322581300492,264.90201694602143,51.93646262834616,0.346468595025882,1008
exact,1,DK2,hourly_climatology,439.19456806688567,487.9729384308586,177.73968704893676,0.8683739316319353,1008
exact,1,DK2,icon_eu,148.72016534069837,221.84807385313815,22.75890106918023,0.2940489798366223,1008
exact,1,DK2,persistence_168h,499.40283819667013,645.9060343536654,15.177767574401642,1.027725697639774,961
exact,1,DK2,persistence_24h,504.0882371686992,641.7180145831157,12.133019400406509,0.9956316471843337,492
exact,1,DK2,persistence_48h,470.8710401290323,618.2371610289938,-10.124914996878248,0.9561186617454462,961
exact,1,DK2,pooled_lightgbm,146.91961416783897,240.79316589878178,48.7855448370277,0.290488936487356,1008
exact,1,DK2,ukmo_global,180.31048136815656,265.7108770181832,43.936982776460994,0.3565092398780933,1008
exact,2,DK1,arpege_europe,362.9942843290219,513.843367952417,-140.12002004111906,0.30672660514919675,1008
exact,2,DK1,cma_grapes,369.9105228381034,502.51318522372316,-4.078426995801822,0.3125707587622874,1008
exact,2,DK1,dmi,310.73106548081876,443.7346361905225,-111.9919290532404,0.2625646985199766,1008
exact,2,DK1,ecmwf,298.49032917350553,439.82775846568234,-60.23940818045263,0.2522213965613553,1008
exact,2,DK1,ensemble::best_validation_expert,299.46920452922063,443.9395766852935,-86.88886778439199,0.25304853662301685,1008
exact,2,DK1,ensemble::dirichlet_mae,281.20117786046444,410.97639874223495,-58.53798351705538,0.2376122335053521,1008
exact,2,DK1,ensemble::equal_weight,284.3518357359695,408.4313635362554,-56.90652865136693,0.24027450846631068,1008
exact,2,DK1,ensemble::hedge,283.71264298367316,415.1182274074886,-69.31404412089852,0.2397343968683823,1008
exact,2,DK1,ensemble::inverse_mae,283.92850251676515,409.2934201736998,-59.328483010458484,0.23991679605380414,1008
exact,2,DK1,ensemble::linear_stack,329.4315232603164,475.60145195022056,-147.49578080825896,0.27836640167914284,1008
exact,2,DK1,ensemble::regime_disagreement_slsqp_mae,290.8442991389022,420.3556903756667,-59.86303730918155,0.2457605762767667,1008
exact,2,DK1,ensemble::slsqp_mae,284.20701636018305,416.6947082861889,-63.136376638018504,0.24015213751609887,1008
exact,2,DK1,ensemble::slsqp_mae_median_intercept,291.57067405312824,431.2777164011145,-127.87568496561728,0.24637435594527557,1008
exact,2,DK1,ensemble::slsqp_mse,290.1684953905655,419.2975554968073,-56.68440850794145,0.2451895287467551,1008
exact,2,DK1,gfs,330.71902936236575,457.00123145351444,-42.12258729124533,0.27945433169027356,1008
exact,2,DK1,hourly_climatology,1008.8990099941246,1202.8206554760438,544.2863167191996,0.8525097546532964,1008
exact,2,DK1,icon_eu,299.46920452922063,443.9395766852935,-86.88886778439199,0.25304853662301685,1008
exact,2,DK1,persistence_168h,1086.872918703373,1386.458743194144,-63.59019369543649,0.9183969417003597,1008
exact,2,DK1,persistence_24h,935.4211120297618,1229.5505969238347,-27.9479348234127,0.8362819880749714,504
exact,2,DK1,persistence_48h,992.1234316964285,1300.0021545760546,-33.3599633531746,0.8383345557512583,1008
exact,2,DK1,pooled_lightgbm,290.7608885835254,430.1886812971274,-110.02924357157588,0.24569009517668097,1008
exact,2,DK1,ukmo_global,344.81940671685743,467.6563668372795,47.09553878668305,0.29136901206949867,1008
exact,2,DK2,arpege_europe,126.30245275004208,183.2854396095163,8.528552562397916,0.38713164971860986,1008
exact,2,DK2,cma_grapes,150.22060704969974,200.88305135473237,36.715803590237726,0.4604435635464088,1008
exact,2,DK2,dmi,131.84393608035188,186.68320397900268,19.932037566211456,0.4041169381024912,1008
exact,2,DK2,ecmwf,124.51677260737578,176.58888576525825,11.161266348524833,0.3816583332116988,1008
exact,2,DK2,ensemble::best_validation_expert,126.30245275004208,183.2854396095163,8.528552562397916,0.38713164971860986,1008
exact,2,DK2,ensemble::dirichlet_mae,116.09051048259445,165.88006364145065,12.160813364987051,0.35583086362340965,1008
exact,2,DK2,ensemble::equal_weight,113.01476511740444,158.65097021487975,17.5918008136756,0.3464033477564228,1008
exact,2,DK2,ensemble::hedge,113.57142423448187,161.19592488500328,10.69611505562474,0.34810957243878565,1008
exact,2,DK2,ensemble::inverse_mae,113.14475410911051,159.1239516668892,16.801806460860895,0.3468017790751243,1008
exact,2,DK2,ensemble::linear_stack,120.33313410208618,167.40360217549886,-15.199440158207535,0.3688349965217585,1008
exact,2,DK2,ensemble::regime_disagreement_slsqp_mae,122.40260831605535,169.81737004684308,15.750898434440277,0.3751781747345327,1008
exact,2,DK2,ensemble::slsqp_mae,117.04683371893574,167.26162412768613,10.501658059254169,0.35876210513208984,1008
exact,2,DK2,ensemble::slsqp_mae_median_intercept,116.6307069197436,167.53572127489514,-14.214493281910903,0.3574866282846038,1008
exact,2,DK2,ensemble::slsqp_mse,120.53010747468971,167.96729033996687,17.61225985785286,0.3694387427279985,1008
exact,2,DK2,gfs,139.5188027471851,202.58533330745328,9.074333593612016,0.42764129356359704,1008
exact,2,DK2,hourly_climatology,370.6569299225174,433.3299105675674,191.38651315071397,1.1361064305260813,1008
exact,2,DK2,icon_eu,116.16173402925475,163.90704922043014,-10.429364877263103,0.35604917204511527,1008
exact,2,DK2,persistence_168h,351.42606190674604,458.67127159183457,8.954044091269841,1.07716159217682,1008
exact,2,DK2,persistence_24h,287.35033474603176,390.2887392294766,-1.3287823293650798,0.9167539808662598,504
exact,2,DK2,persistence_48h,310.4612779236111,419.28231711528,-0.5598025684523835,0.9515997835305329,1008
exact,2,DK2,pooled_lightgbm,113.20447103886713,160.82383972009634,8.521634533674174,0.3469848183829876,1008
exact,2,DK2,ukmo_global,128.10515493391816,173.3064167456342,48.15997691200849,0.392657140753819,1008
