price_area,model,common_observations,d2_mae,exact_mae,exact_minus_d2_mae,d2_rmse,exact_rmse,d2_bias,exact_bias
DK1,ecmwf,1920,364.7813048992522,332.1606057394148,-32.620699159837386,519.0224010834231,506.62634172338494,-68.24243089380134,33.99403272720705
DK1,ensemble::best_validation_expert,1920,364.7813048992522,342.83520272458736,-21.946102174664816,519.0224010834231,513.6152609219469,-68.24243089380134,48.96636122470844
DK1,ensemble::dirichlet_mae,1920,359.6328405822085,317.1200044789895,-42.512836103219,511.5364696104564,476.4403442199271,-83.84126746632597,9.50559413117301
DK1,ensemble::equal_weight,1920,362.22039528616403,328.27262117667476,-33.94777410948927,509.3824113523676,477.378271010152,-81.85855095151935,-16.58117298963682
DK1,ensemble::hedge,1920,355.5810958703962,315.4445448516481,-40.136551018748094,506.6655758166098,480.5763754415466,-80.20985896388642,11.867265153332385
DK1,ensemble::inverse_mae,1920,359.4224076010517,324.137015635972,-35.285391965079725,506.7820108673986,474.6515032071688,-83.43274393539319,-12.217945975581966
DK1,ensemble::linear_stack,1920,346.45304479189923,346.1605476534087,-0.29249713849054615,488.49332874714196,537.0451824738091,-15.27622182565938,40.65407861815416
DK1,ensemble::regime_disagreement_slsqp_mae,1920,379.10561137020414,324.07896023600136,-55.02665113420278,527.1431803969771,483.5981416087282,-94.13760131848866,3.802460160750034
DK1,ensemble::slsqp_mae,1920,360.4298871925674,318.6149222878508,-41.81496490471659,512.4929237621106,479.5343581653389,-83.42731303801878,17.616747277195962
DK1,ensemble::slsqp_mae_median_intercept,1920,377.4016662285599,324.8107959206929,-52.59087030786702,507.35895800357713,487.28907573811443,41.52387170029514,-2.8615430310619483
DK1,ensemble::slsqp_mse,1920,359.78710861132123,322.36313343399337,-37.42397517732786,511.6643970040921,480.62891989184425,-82.93909936673751,7.919842816806492
DK1,gfs,1920,433.81253735191456,398.2455836510944,-35.566953700820136,607.0409910982618,545.1413242736022,-129.2619198209142,-35.18515877370158
DK1,hourly_climatology,1920,1014.292375156176,1149.1534356922355,134.86106053605943,1282.8348106264261,1336.2072190576225,-199.35795879179548,330.74736325287205
DK1,icon_eu,1920,378.54162005896256,342.83520272458736,-35.7064173343752,531.9920114315988,513.6152609219469,-93.81891319985584,48.96636122470844
DK1,persistence_168h,1873,1385.8998642664174,1385.8998642664174,0.0,1784.1692169755897,1784.1692169755897,5.404588160704747,5.404588160704747
DK1,persistence_24h,948,1146.3065398470465,1146.3065398470465,0.0,1509.765265849989,1509.765265849989,-15.504146102320679,-15.504146102320679
DK1,persistence_48h,1873,1203.622190088094,1203.622190088094,0.0,1602.6306488727114,1602.6306488727114,-49.438545208222116,-49.438545208222116
DK1,pooled_lightgbm,1920,351.42047731369473,319.95197592541234,-31.46850138828239,502.058743496702,479.8763728556462,-58.851395699130094,-58.18274585137286
DK2,ecmwf,1920,146.67787992133884,140.2674377902805,-6.410442131058346,208.85886932636623,213.41689927118045,-6.305092380941178,22.468403980438072
DK2,ensemble::best_validation_expert,1920,146.67787992133884,141.27779211315968,-5.4000878081791654,208.85886932636623,207.81116566957766,-6.305092380941178,16.19590852210192
DK2,ensemble::dirichlet_mae,1920,141.85792788581495,132.60500783367928,-9.252920052135664,203.5872424488251,198.96208310206495,-3.0180923424359323,18.180630735285693
DK2,ensemble::equal_weight,1920,140.29519997036897,132.60705972484084,-7.688140245528132,203.14300425937137,199.54972962212094,-7.781917859564659,21.190842431351317
DK2,ensemble::hedge,1920,144.51506764921135,130.1765832103175,-14.338484438893857,206.2043250450727,196.50845490656047,-4.891104268452817,17.33242633503971
DK2,ensemble::inverse_mae,1920,140.177457412343,131.84182956930206,-8.335627843040925,202.8298990866243,198.96022832971306,-7.382812042021653,20.718607613770928
DK2,ensemble::linear_stack,1920,141.30858759076145,139.62176282314687,-1.6868247676145813,206.74086135875913,206.38383986580516,-21.750105330263857,-8.367741636657048
DK2,ensemble::regime_disagreement_slsqp_mae,1920,143.40234113376513,137.85621723233857,-5.546123901426569,204.75243907666157,205.97307373594316,-4.358245696021409,22.404027259332846
DK2,ensemble::slsqp_mae,1920,141.7966995321571,132.74746529394335,-9.049234238213756,203.50445043786146,199.35683979870484,-3.1602915178055233,18.052500445187988
DK2,ensemble::slsqp_mae_median_intercept,1920,144.82418716692064,134.33064236012927,-10.493544806791363,204.18743807415493,198.74397667218307,16.983402537428777,-12.081020621113055
DK2,ensemble::slsqp_mse,1920,141.77511648851097,135.34632267229216,-6.428793816218814,203.42250650244966,199.30222899557756,-3.7056760165468545,18.078371899163617
DK2,gfs,1920,166.42545370693776,159.30253116051628,-7.122922546421478,235.8336106604611,238.931630073147,4.408945348571716,28.911789802537736
DK2,hourly_climatology,1920,334.1888963338273,402.8375638802174,68.64866754639007,412.4781089692675,460.6767898094055,-11.541625631311597,174.10913297991343
DK2,icon_eu,1920,150.07746882259016,135.2997319240488,-14.777736898541349,216.20364336220257,198.18787019521068,0.5902604621034006,5.137106626176958
DK2,persistence_168h,1873,432.74824695782166,432.74824695782166,0.0,567.1367194348346,567.1367194348346,2.508963432995202,2.508963432995202
DK2,persistence_24h,948,399.53986226265823,399.53986226265823,0.0,535.900291055695,535.900291055695,2.9393906023206755,2.9393906023206755
DK2,persistence_48h,1873,385.4967633998932,385.4967633998932,0.0,524.3888652499646,524.3888652499646,-9.920570352375861,-9.920570352375861
DK2,pooled_lightgbm,1920,138.57714276732534,133.00980380143577,-5.567338965889576,201.92145962540172,208.56757493410925,-3.4041924992963875,28.428380534784267
