panel,price_area,centre_model,probabilistic_method,mean_wis,std_wis,mean_crps,median_mae,median_bias,coverage_50,width_50,coverage_80,width_80,coverage_90,width_90,folds,observations,coverage_error_50,coverage_error_80,coverage_error_90,wis_rank
d2,DK1,ensemble::hedge,empirical_conditional,220.22679777861052,3.396092021586806,255.1192836758222,374.5803380047174,-33.03518573150851,0.42048133995505466,529.7292679389961,0.7163820055581287,1026.2752567921275,0.8309875328083989,1336.025742495793,2,4319,0.07951866004494534,0.08361799444187135,0.06901246719160115,6
d2,DK1,ensemble::hedge,empirical_global,213.4613143031819,3.8623735687978518,250.219592475125,370.8438307482693,-33.542540860528646,0.44989160362307656,543.4108644670656,0.7508785360163313,1067.1507300652966,0.895806207434855,1430.2779173911626,2,4319,0.050108396376923436,0.04912146398366879,0.004193792565145071,4
d2,DK1,ensemble::hedge,quantile_gbdt,246.71561199011632,32.30882735508072,281.7459685625419,405.3950501924156,107.89826514160379,0.34314593947815347,485.8529989037521,0.5675017798020345,845.7657430158241,0.709666254953425,1113.4342882937867,2,4319,0.15685406052184653,0.2324982201979655,0.19033374504657508,8
d2,DK1,ensemble::linear_stack,conformal_quantile_gbdt,208.79548808005035,1.7410394484030358,246.41098835094124,369.75661434940844,2.382532167689245,0.4107664084881547,499.21175121943367,0.7647624929236787,1013.0547885705621,0.9228945799667199,1456.3541526731879,2,4319,0.08923359151184529,0.03523750707632134,0.02289457996671984,3
d2,DK1,ensemble::linear_stack,empirical_conditional,208.41947047915681,2.286357879110617,240.86289566698244,352.98117396678884,8.304438342223392,0.43646449831026024,496.523581182356,0.738607229856072,984.7207847525057,0.857839920745201,1296.082950291951,2,4319,0.06353550168973976,0.06139277014392808,0.04216007925479903,2
d2,DK1,ensemble::linear_stack,empirical_global,203.76757741348246,2.0524411953165416,238.02712312885507,350.10729560084553,11.653569837615553,0.4589271010241367,502.6084532514817,0.7925459532019282,1045.8255766048537,0.9157159736160431,1408.5298065505633,2,4319,0.0410728989758633,0.007454046798071823,0.015715973616043044,1
d2,DK1,ensemble::linear_stack,quantile_gbdt,264.58804651754355,46.25137085888011,303.9993751873924,432.7762943346023,179.25004319947837,0.3149065925582831,443.84105633278415,0.5249023253220798,797.5684848761641,0.7031817713962225,1097.9541358666893,2,4319,0.18509340744171687,0.27509767467792023,0.1968182286037775,10
d2,DK1,pooled_lightgbm,empirical_conditional,223.3606962984185,10.410816586487073,257.7707399824045,375.9770268434574,-18.251655926726272,0.4265039327191944,539.4376607830022,0.7342126198685949,1074.5551793079821,0.8427979131285059,1396.5270080956275,2,4319,0.0734960672808056,0.06578738013140517,0.057202086871494084,7
d2,DK1,pooled_lightgbm,empirical_global,217.03307642558366,2.646405417900254,253.63328799547776,372.56581152337617,-23.589718286170314,0.4503604635204913,533.1376679262494,0.7791247448235636,1126.054940835785,0.9110873089393238,1500.184126498369,2,4319,0.049639536479508695,0.020875255176436402,0.011087308939323748,5
d2,DK1,pooled_lightgbm,quantile_gbdt,253.05447468505253,49.166005403396646,294.1792207137976,422.35594850444295,81.84960514446412,0.35380974130684645,499.949587861571,0.5922859520010979,862.586228466495,0.7689466359597207,1241.7720305848309,2,4319,0.14619025869315355,0.20771404799890214,0.13105336404027934,9
d2,DK2,ensemble::equal_weight,empirical_conditional,85.46305965078321,0.2779026493168885,97.70141270273362,142.1743358972122,8.774367132322023,0.48668772408350913,221.34367309209148,0.7953215866399053,427.1651340767209,0.8726546283430257,543.6538724774441,2,4319,0.013312275916490868,0.00467841336009478,0.02734537165697437,3
d2,DK2,ensemble::equal_weight,empirical_global,85.48334782310478,2.2358386573830407,97.59274863958879,139.6879084531466,4.66662125238435,0.5524442257217848,237.43178018578192,0.8258829319129226,468.7270948901388,0.9092364220403821,616.772445952804,2,4319,0.052444225721784754,0.02588293191292257,0.009236422040382108,4
d2,DK2,ensemble::equal_weight,quantile_gbdt,98.95400680358445,12.299067678810957,112.83513326014096,162.65908074246795,78.31874391546398,0.37950343523236063,200.43375821961024,0.6024687784125025,353.3596405442336,0.8295881366544868,567.3955174409689,2,4319,0.12049656476763937,0.19753122158749759,0.07041186334551319,9
d2,DK2,ensemble::hedge,empirical_conditional,86.34617539953925,1.506960456715443,98.68843050326976,143.452676729301,18.337477574197564,0.47626773369015146,216.71558199693948,0.7832800464892868,423.2645375697686,0.8647803981610143,542.4752562039251,2,4319,0.023732266309848538,0.016719953510713204,0.03521960183898576,5
d2,DK2,ensemble::hedge,empirical_global,86.34625226491116,3.5026596197584348,98.49957917801274,140.22646380656226,11.403818230780434,0.5473488454874513,232.97462058146658,0.8124532533923455,464.6032237139609,0.900900301065308,613.6699706098639,2,4319,0.04734884548745133,0.012453253392345487,0.000900301065308029,6
d2,DK2,ensemble::hedge,quantile_gbdt,103.02434158136045,16.10169186293312,117.3937012483442,165.2919527443848,84.00017885243341,0.4110016425642873,218.45557746137888,0.5647326866004494,341.81191436413997,0.823329237644314,572.7490125191446,2,4319,0.08899835743571272,0.23526731339955065,0.07667076235568604,10
d2,DK2,pooled_lightgbm,conformal_quantile_gbdt,87.60469356789527,4.1048272027447466,101.23655483136218,145.7013355777585,58.77345221836508,0.5200327440687561,232.9210773098153,0.7978640231245604,439.9411916580277,0.890709218945671,573.4772687036948,2,4319,0.020032744068756103,0.002135976875439649,0.009290781054329011,7
d2,DK2,pooled_lightgbm,empirical_conditional,84.95566593203674,0.9875146905965726,95.78174772954588,135.90049517681928,18.247341313994347,0.48436851337210296,193.75591846233954,0.7788817911241488,420.1013941367861,0.8710326497178049,559.7844838631048,2,4319,0.01563148662789704,0.021118208875851252,0.028967350282195103,2
d2,DK2,pooled_lightgbm,empirical_global,83.76543273560296,2.678461969342939,95.05082352104162,133.40757981201205,14.883076338531005,0.5394761163433002,208.45938663325143,0.8094456023879368,441.2595216597052,0.9129398040931158,619.1656325266001,2,4319,0.03947611634330017,0.009445602387936791,0.012939804093115792,1
d2,DK2,pooled_lightgbm,quantile_gbdt,95.42683546274115,10.51245841736561,108.95299132236997,153.74028515833163,60.76692199650437,0.375326904602611,199.30840572630612,0.681868427598511,373.75762467808374,0.8170836335409054,516.3047663746951,2,4319,0.12467309539738902,0.11813157240148908,0.08291636645909461,8
exact,DK1,ensemble::dirichlet_mae,empirical_conditional,179.94748818602173,,205.23775069451793,291.50542614991394,-127.84219026655846,0.5406746031746031,428.6929718541272,0.8323412698412699,943.8518638817279,0.9057539682539683,1304.5424821219142,1,1008,0.04067460317460314,0.03234126984126984,0.0057539682539682335,1
exact,DK1,ensemble::dirichlet_mae,empirical_global,180.0596979155083,,204.431648449768,288.1034841250013,-125.24253762235878,0.5684523809523809,428.10055173163255,0.8551587301587301,972.3674862594472,0.9315476190476191,1379.185047428363,1,1008,0.06845238095238093,0.055158730158730074,0.03154761904761905,2
exact,DK1,ensemble::dirichlet_mae,quantile_gbdt,248.68129136624586,,272.6614019033028,360.98613840396774,-268.349162452254,0.2361111111111111,269.6023368540524,0.4712301587301587,519.4034801562132,0.6547619047619048,722.738912751689,1,1008,0.2638888888888889,0.3287698412698413,0.24523809523809526,10
exact,DK1,ensemble::hedge,conformal_quantile_gbdt,226.16692854581945,,258.21128620061484,372.88509427482654,-274.82937720356017,0.3978174603174603,373.61053766725803,0.6547619047619048,734.380222762235,0.7668650793650794,934.2881823952825,1,1008,0.10218253968253971,0.14523809523809528,0.1331349206349206,7
exact,DK1,ensemble::hedge,empirical_conditional,182.103044655878,,206.947461163216,292.19416826993603,-128.30441401672314,0.5257936507936508,415.32956925887703,0.816468253968254,920.100612995009,0.8958333333333334,1284.2768824069492,1,1008,0.025793650793650813,0.01646825396825391,0.004166666666666652,5
exact,DK1,ensemble::hedge,empirical_global,182.6084057280964,,206.98715625902446,291.65727930970667,-133.80809755992988,0.5634920634920635,415.8546368164223,0.8234126984126984,954.0125159289852,0.9186507936507936,1334.8654366018209,1,1008,0.06349206349206349,0.02341269841269833,0.018650793650793585,6
exact,DK1,ensemble::hedge,quantile_gbdt,246.16716308137512,,279.0235866578176,386.57483831377124,-303.64749137595385,0.21031746031746032,246.24301343572128,0.5198412698412699,529.5659594947334,0.7271825396825397,803.0712737887335,1,1008,0.28968253968253965,0.28015873015873016,0.17281746031746037,9
exact,DK1,pooled_lightgbm,empirical_conditional,180.37533347247705,,205.44684731223947,293.6612160835499,-120.58425007647396,0.5714285714285714,460.64974153227007,0.8363095238095238,939.2771303498716,0.9047619047619048,1268.612991002795,1,1008,0.0714285714285714,0.03630952380952379,0.004761904761904745,3
exact,DK1,pooled_lightgbm,empirical_global,181.96824671737863,,206.07147246202652,294.65195274783986,-125.61877846048995,0.5972222222222222,468.4281341373858,0.8541666666666666,971.3642587023905,0.9255952380952381,1352.5487721481975,1,1008,0.09722222222222221,0.054166666666666585,0.025595238095238115,4
exact,DK1,pooled_lightgbm,quantile_gbdt,229.20740334262564,,257.2437064764859,356.66584591059456,-258.37617754705315,0.2757936507936508,248.87893245760606,0.4861111111111111,475.3086943987379,0.7400793650793651,761.8090524837431,1,1008,0.2242063492063492,0.31388888888888894,0.1599206349206349,8
exact,DK2,ensemble::equal_weight,empirical_conditional,67.20941014895533,,77.68072059787653,111.32228691001814,8.231225711672561,0.5317460317460317,174.12348255533638,0.814484126984127,361.6842515514555,0.9087301587301587,493.9374318711497,1,1008,0.031746031746031744,0.014484126984126933,0.0087301587301587,2
exact,DK2,ensemble::equal_weight,empirical_global,68.05561872052644,,78.59362613790735,111.8676252884138,6.075765911604031,0.5436507936507936,170.54898829472378,0.8650793650793651,403.21810557880383,0.9662698412698413,584.6412919899532,1,1008,0.04365079365079361,0.06507936507936507,0.06626984126984126,4
exact,DK2,ensemble::equal_weight,quantile_gbdt,70.8973277382687,,82.55484169663129,122.39853792085843,49.21588511537843,0.35813492063492064,142.73005467934013,0.6140873015873016,292.8339818389065,0.7896825396825397,376.74940640122213,1,1008,0.14186507936507936,0.18591269841269842,0.11031746031746037,9
exact,DK2,ensemble::hedge,conformal_quantile_gbdt,71.89537246199146,,84.66527698271425,125.09177527201,42.22039338078354,0.5208333333333334,206.06166835051653,0.8591269841269841,429.5190249626158,0.9275793650793651,530.3794529138485,1,1008,0.02083333333333337,0.05912698412698403,0.027579365079365092,10
exact,DK2,ensemble::hedge,empirical_conditional,68.19571539676419,,78.8111315571836,112.90750793682723,7.941262315489481,0.5277777777777778,167.42598889951608,0.8214285714285714,360.45334988767064,0.9037698412698413,481.5699433391575,1,1008,0.02777777777777779,0.021428571428571352,0.0037698412698412564,6
exact,DK2,ensemble::hedge,empirical_global,68.84361099935336,,79.53543398561742,112.94914747056954,4.2627390245490595,0.5188492063492064,159.49959015280035,0.8412698412698413,383.77155716239423,0.9434523809523809,558.3288791418839,1,1008,0.018849206349206393,0.041269841269841234,0.04345238095238091,8
exact,DK2,ensemble::hedge,quantile_gbdt,72.35881800106807,,84.94660063616084,133.64794701102238,57.53585130739448,0.39087301587301587,152.7368606782904,0.6051587301587301,284.39247392836484,0.7638888888888888,391.8111245790169,1,1008,0.10912698412698413,0.19484126984126993,0.13611111111111118,11
exact,DK2,ensemble::inverse_mae,empirical_conditional,67.4584852539812,,77.91805148611185,111.77311461812516,8.921715668558432,0.5297619047619048,171.09475723345773,0.8115079365079365,358.52718629064736,0.9077380952380952,490.23994487978536,1,1008,0.029761904761904767,0.011507936507936467,0.007738095238095211,3
exact,DK2,ensemble::inverse_mae,empirical_global,68.11789269960289,,78.70663978779073,112.09157982716668,5.795107284578412,0.5347222222222222,167.2191661291317,0.8601190476190477,401.320294032419,0.9613095238095238,574.9595869900176,1,1008,0.03472222222222221,0.06011904761904763,0.061309523809523814,5
exact,DK2,ensemble::inverse_mae,quantile_gbdt,72.72433561953915,,86.21957876144583,135.50011146725663,82.38907065691598,0.38591269841269843,156.06302635943882,0.6160714285714286,308.9028423805133,0.8482142857142857,408.0882756725013,1,1008,0.11408730158730157,0.18392857142857144,0.051785714285714324,12
exact,DK2,pooled_lightgbm,empirical_conditional,67.07013419472166,,77.40285164372406,111.77671180897627,-1.9457423604161719,0.5307539682539683,160.34128398423118,0.808531746031746,334.04860732132295,0.8958333333333334,454.2710657544711,1,1008,0.030753968253968256,0.008531746031746001,0.004166666666666652,1
exact,DK2,pooled_lightgbm,empirical_global,68.40152681524364,,78.89451118430271,112.682696614844,-0.6481998832885805,0.5337301587301587,157.70751191354876,0.8412698412698413,376.166721759669,0.9246031746031746,519.1634107565052,1,1008,0.03373015873015872,0.041269841269841234,0.024603174603174627,7
exact,DK2,pooled_lightgbm,quantile_gbdt,74.21298188966536,,87.15176359589861,124.55114587731242,41.60200155458548,0.24206349206349206,83.14010952020347,0.6220238095238095,273.2300937063756,0.8591269841269841,419.2086108401872,1,1008,0.2579365079365079,0.1779761904761905,0.04087301587301595,13
