variant,panel,fold_id,price_area,centre_model,mean_daily_total_crps,daily_total_coverage_80,daily_total_width_80,daily_total_coverage_90,daily_total_width_90,daily_total_median_mae,daily_total_median_bias,days
raw,d2,2,DK1,ensemble::linear_stack,4690.800008194084,0.6333333333333333,17073.48269718323,0.8222222222222222,26106.230814121434,6536.877216589235,787.5883531417587,90
raw,d2,2,DK2,pooled_lightgbm,1555.3006769428634,0.7777777777777778,7550.185120772347,0.8888888888888888,10446.695647647288,2000.8288656019786,689.7987829733642,90
raw,d2,3,DK1,ensemble::linear_stack,4082.585081161081,0.7444444444444445,16030.041064379837,0.8444444444444444,21678.89971405636,5681.380645233481,960.9831779602433,90
raw,d2,3,DK2,pooled_lightgbm,1571.3394171102286,0.7222222222222222,5607.122874311111,0.8444444444444444,7918.487293423099,2149.8991078713443,591.2867911689549,90
raw,exact,2,DK1,ensemble::hedge,3559.332892900575,0.6904761904761905,10771.50997431161,0.8333333333333334,16613.37600418116,4785.570775376976,-3250.488866592674,42
raw,exact,2,DK2,ensemble::hedge,1283.217371187102,0.7619047619047619,5101.164117012231,0.9523809523809523,7345.781882402402,1860.4497642792844,257.42236371771,42
gated,d2,2,DK1,ensemble::linear_stack,4866.271313151848,0.6777777777777778,18491.887836812566,0.8666666666666667,28013.093945174256,6679.50553494306,862.9633071104129,90
gated,d2,2,DK2,pooled_lightgbm,1603.0990969060965,0.7888888888888889,8096.7040785513855,0.8666666666666667,11180.30590012504,2106.9151788767617,698.1276005287707,90
gated,d2,3,DK1,ensemble::linear_stack,4227.001366442471,0.7333333333333333,17344.602997097405,0.8666666666666667,23421.254188174844,5967.780074308801,791.3373401474512,90
gated,d2,3,DK2,pooled_lightgbm,1611.1102506606164,0.7444444444444445,5585.170218541177,0.8666666666666667,7880.866823337165,2220.7966141615975,375.57175334405343,90
gated,exact,2,DK1,ensemble::hedge,3519.752854565632,0.6904761904761905,13180.601167838618,0.8571428571428571,19785.055451180826,4797.456566861261,-2152.8247099385762,42
gated,exact,2,DK2,ensemble::hedge,1283.217371187102,0.7619047619047619,5101.164117012231,0.9523809523809523,7345.781882402402,1860.4497642792844,257.42236371771,42
