variant,panel,fold_id,price_area,centre_model,mean_crps,coverage_80,width_80,coverage_90,width_90,median_mae,median_bias,observations
raw,d2,2,DK1,ensemble::linear_stack,259.5441175827819,0.7333333333333333,1101.312007162045,0.8958333333333334,1564.392218186815,368.0343928601672,20.764110223260406,2160
raw,d2,2,DK2,pooled_lightgbm,99.3184060317461,0.8439814814814814,501.22341124416926,0.9263888888888889,683.0844675768195,135.01406326741096,23.663755729116996,2160
raw,d2,3,DK1,ensemble::linear_stack,248.6532359984659,0.7739694302918018,938.3779519503262,0.8698471514590088,1212.9936796685047,338.74989946853924,9.441810475372044,2159
raw,d2,3,DK2,pooled_lightgbm,101.59766532401468,0.7610004631773969,362.268079804228,0.8591940713293191,490.42426242775485,136.18596941061256,14.836708399547376,2159
raw,exact,2,DK1,ensemble::hedge,216.263376113576,0.753968253968254,747.0685186439324,0.8492063492063492,1073.6183065983537,291.3299246611449,-123.50813770739485,1008
raw,exact,2,DK2,ensemble::hedge,81.20737671915043,0.8333333333333334,356.97013094807994,0.9246031746031746,488.11512961548925,112.6861544134573,5.059253932298007,1008
gated,d2,2,DK1,ensemble::linear_stack,265.80178093814965,0.7578703703703704,1191.6673362208876,0.8944444444444445,1688.5672965191889,373.90589112287716,21.859334232745795,2160
gated,d2,2,DK2,pooled_lightgbm,100.10483547484324,0.8513888888888889,537.2941551450966,0.9310185185185185,730.2928364281953,134.99116969615267,22.563510487145567,2160
gated,d2,3,DK1,ensemble::linear_stack,253.2143099165432,0.7823066234367763,1015.0454996507848,0.8754052802223251,1311.338786192206,347.6523036657813,-2.593275556719065,2159
gated,d2,3,DK2,pooled_lightgbm,102.59612624070586,0.7559055118110236,360.2263904264385,0.8554886521537749,487.6448857517121,137.6934420320274,5.151389562992934,2159
gated,exact,2,DK1,ensemble::hedge,218.01124504624974,0.8045634920634921,910.9439341363508,0.8988095238095238,1285.7555227718901,300.36520025754663,-76.03706599686834,1008
gated,exact,2,DK2,ensemble::hedge,81.20737671915043,0.8333333333333334,356.97013094807994,0.9246031746031746,488.11512961548925,112.6861544134573,5.059253932298007,1008
