price_area,local_date,observed_hours
DK1,2025-09-01,24
DK1,2025-09-02,24
DK1,2025-09-03,24
DK1,2025-09-04,24
DK1,2025-09-05,24
DK1,2025-09-06,24
DK1,2025-09-07,24
DK1,2025-09-08,24
DK1,2025-10-06,24
DK1,2025-10-25,24
DK1,2025-10-26,25
DK1,2025-10-27,24
DK1,2025-10-28,24
DK1,2025-10-29,24
DK1,2025-10-30,24
DK1,2025-10-31,24
DK1,2025-11-01,24
DK1,2025-11-02,24
DK1,2025-11-03,24
DK1,2025-11-04,24
DK1,2025-11-05,24
DK1,2025-11-06,24
DK1,2025-11-07,24
DK1,2025-11-08,24
DK1,2025-11-09,24
DK1,2025-11-10,24
DK1,2025-11-11,24
DK1,2025-11-12,24
DK1,2025-11-13,24
DK1,2025-11-14,24
DK1,2025-11-15,24
DK1,2025-11-16,24
DK1,2025-11-17,24
DK1,2025-11-18,24
DK1,2025-11-19,24
DK1,2025-11-20,24
DK1,2025-11-21,24
DK1,2025-11-25,24
DK1,2025-11-26,24
DK1,2025-11-27,24
DK1,2025-11-28,24
DK1,2025-11-29,24
DK1,2025-11-30,24
DK1,2025-12-01,24
DK1,2025-12-02,24
DK1,2025-12-03,24
DK1,2025-12-04,24
DK1,2025-12-05,24
DK1,2025-12-06,24
DK1,2025-12-07,24
DK1,2025-12-08,24
DK1,2025-12-09,24
DK1,2025-12-10,24
DK1,2025-12-11,24
DK1,2025-12-12,24
DK1,2025-12-13,24
DK1,2025-12-14,24
DK1,2025-12-15,24
DK1,2025-12-16,24
DK1,2025-12-17,24
DK1,2025-12-18,24
DK1,2025-12-19,24
DK1,2025-12-20,24
DK1,2025-12-21,24
DK1,2025-12-22,24
DK1,2025-12-23,24
DK1,2025-12-24,24
DK1,2025-12-25,24
DK1,2025-12-26,24
DK1,2025-12-27,24
DK1,2025-12-28,24
DK1,2025-12-29,24
DK1,2025-12-30,24
DK1,2025-12-31,24
DK1,2026-01-01,24
DK1,2026-01-02,24
DK1,2026-01-03,24
DK1,2026-01-04,24
DK1,2026-02-05,24
DK1,2026-02-06,24
DK1,2026-02-07,24
DK1,2026-02-08,24
DK1,2026-02-09,24
DK1,2026-02-10,24
DK1,2026-02-11,24
DK1,2026-02-12,24
DK1,2026-02-13,24
DK1,2026-02-14,24
DK1,2026-02-15,24
DK1,2026-02-16,24
DK1,2026-02-17,24
DK1,2026-02-18,24
DK1,2026-02-19,24
DK1,2026-02-20,24
DK1,2026-02-21,24
DK1,2026-02-22,24
DK1,2026-02-23,24
DK1,2026-02-24,24
DK1,2026-02-25,24
DK1,2026-02-26,24
DK1,2026-02-27,24
DK1,2026-02-28,24
DK1,2026-03-01,24
DK1,2026-03-02,24
DK1,2026-03-03,24
DK1,2026-03-04,24
DK1,2026-03-05,24
DK1,2026-03-06,24
DK1,2026-03-07,24
DK1,2026-03-08,24
DK1,2026-03-09,24
DK1,2026-03-10,24
DK1,2026-03-11,24
DK1,2026-03-12,24
DK1,2026-03-13,24
DK1,2026-03-14,24
DK1,2026-03-15,24
DK1,2026-03-16,24
DK1,2026-03-17,24
DK1,2026-03-18,24
DK1,2026-03-19,24
DK1,2026-03-20,24
DK1,2026-03-21,24
DK1,2026-03-22,24
DK1,2026-03-23,24
DK1,2026-03-24,24
DK1,2026-03-25,24
DK1,2026-03-26,24
DK1,2026-03-27,24
DK1,2026-03-30,24
DK1,2026-03-31,24
DK1,2026-04-01,24
DK1,2026-04-02,24
DK1,2026-04-03,24
DK1,2026-04-04,24
DK1,2026-04-05,24
DK1,2026-04-06,24
DK1,2026-04-07,24
DK1,2026-04-08,24
DK1,2026-04-09,24
DK1,2026-04-10,24
DK1,2026-04-11,24
DK1,2026-04-12,24
DK1,2026-04-13,24
DK1,2026-04-14,24
DK1,2026-04-15,24
DK1,2026-04-16,24
DK1,2026-04-17,24
DK1,2026-04-18,24
DK1,2026-04-19,24
DK1,2026-04-20,24
DK1,2026-04-21,24
DK1,2026-04-22,24
DK1,2026-04-23,24
DK1,2026-04-24,24
DK1,2026-04-25,24
DK1,2026-04-26,24
DK1,2026-04-27,24
DK1,2026-04-28,24
DK1,2026-04-29,24
DK1,2026-04-30,24
DK1,2026-05-01,24
DK1,2026-05-02,24
DK1,2026-05-03,24
DK1,2026-05-04,24
DK1,2026-05-05,24
DK1,2026-05-06,24
DK1,2026-05-07,24
DK1,2026-05-08,24
DK1,2026-05-09,24
DK1,2026-05-10,24
DK1,2026-05-11,24
DK1,2026-05-12,24
DK1,2026-05-13,24
DK1,2026-05-14,24
DK1,2026-05-15,24
DK1,2026-05-16,24
DK1,2026-05-17,24
DK1,2026-05-18,24
DK1,2026-05-19,24
DK1,2026-05-20,24
DK1,2026-05-21,24
DK1,2026-05-22,24
DK1,2026-05-23,24
DK1,2026-05-24,24
DK1,2026-05-25,24
DK1,2026-05-26,24
DK1,2026-05-27,24
DK1,2026-05-28,24
DK1,2026-05-29,24
DK1,2026-05-30,24
DK1,2026-05-31,24
DK1,2026-06-01,24
DK1,2026-06-02,24
DK1,2026-06-03,24
DK1,2026-06-04,24
DK1,2026-06-05,24
DK2,2025-09-01,24
DK2,2025-09-02,24
DK2,2025-09-03,24
DK2,2025-09-04,24
DK2,2025-09-05,24
DK2,2025-09-06,24
DK2,2025-09-07,24
DK2,2025-09-08,24
DK2,2025-10-06,24
DK2,2025-10-25,24
DK2,2025-10-26,25
DK2,2025-10-27,24
DK2,2025-10-28,24
DK2,2025-10-29,24
DK2,2025-10-30,24
DK2,2025-10-31,24
DK2,2025-11-01,24
DK2,2025-11-02,24
DK2,2025-11-03,24
DK2,2025-11-04,24
DK2,2025-11-05,24
DK2,2025-11-06,24
DK2,2025-11-07,24
DK2,2025-11-08,24
DK2,2025-11-09,24
DK2,2025-11-10,24
DK2,2025-11-11,24
DK2,2025-11-12,24
DK2,2025-11-13,24
DK2,2025-11-14,24
DK2,2025-11-15,24
DK2,2025-11-16,24
DK2,2025-11-17,24
DK2,2025-11-18,24
DK2,2025-11-19,24
DK2,2025-11-20,24
DK2,2025-11-21,24
DK2,2025-11-25,24
DK2,2025-11-26,24
DK2,2025-11-27,24
DK2,2025-11-28,24
DK2,2025-11-29,24
DK2,2025-11-30,24
DK2,2025-12-01,24
DK2,2025-12-02,24
DK2,2025-12-03,24
DK2,2025-12-04,24
DK2,2025-12-05,24
DK2,2025-12-06,24
DK2,2025-12-07,24
DK2,2025-12-08,24
DK2,2025-12-09,24
DK2,2025-12-10,24
DK2,2025-12-11,24
DK2,2025-12-12,24
DK2,2025-12-13,24
DK2,2025-12-14,24
DK2,2025-12-15,24
DK2,2025-12-16,24
DK2,2025-12-17,24
DK2,2025-12-18,24
DK2,2025-12-19,24
DK2,2025-12-20,24
DK2,2025-12-21,24
DK2,2025-12-22,24
DK2,2025-12-23,24
DK2,2025-12-24,24
DK2,2025-12-25,24
DK2,2025-12-26,24
DK2,2025-12-27,24
DK2,2025-12-28,24
DK2,2025-12-29,24
DK2,2025-12-30,24
DK2,2025-12-31,24
DK2,2026-01-01,24
DK2,2026-01-02,24
DK2,2026-01-03,24
DK2,2026-01-04,24
DK2,2026-02-05,24
DK2,2026-02-06,24
DK2,2026-02-07,24
DK2,2026-02-08,24
DK2,2026-02-09,24
DK2,2026-02-10,24
DK2,2026-02-11,24
DK2,2026-02-12,24
DK2,2026-02-13,24
DK2,2026-02-14,24
DK2,2026-02-15,24
DK2,2026-02-16,24
DK2,2026-02-17,24
DK2,2026-02-18,24
DK2,2026-02-19,24
DK2,2026-02-20,24
DK2,2026-02-21,24
DK2,2026-02-22,24
DK2,2026-02-23,24
DK2,2026-02-24,24
DK2,2026-02-25,24
DK2,2026-02-26,24
DK2,2026-02-27,24
DK2,2026-02-28,24
DK2,2026-03-01,24
DK2,2026-03-02,24
DK2,2026-03-03,24
DK2,2026-03-04,24
DK2,2026-03-05,24
DK2,2026-03-06,24
DK2,2026-03-07,24
DK2,2026-03-08,24
DK2,2026-03-09,24
DK2,2026-03-10,24
DK2,2026-03-11,24
DK2,2026-03-12,24
DK2,2026-03-13,24
DK2,2026-03-14,24
DK2,2026-03-15,24
DK2,2026-03-16,24
DK2,2026-03-17,24
DK2,2026-03-18,24
DK2,2026-03-19,24
DK2,2026-03-20,24
DK2,2026-03-21,24
DK2,2026-03-22,24
DK2,2026-03-23,24
DK2,2026-03-24,24
DK2,2026-03-25,24
DK2,2026-03-26,24
DK2,2026-03-27,24
DK2,2026-03-30,24
DK2,2026-03-31,24
DK2,2026-04-01,24
DK2,2026-04-02,24
DK2,2026-04-03,24
DK2,2026-04-04,24
DK2,2026-04-05,24
DK2,2026-04-06,24
DK2,2026-04-07,24
DK2,2026-04-08,24
DK2,2026-04-09,24
DK2,2026-04-10,24
DK2,2026-04-11,24
DK2,2026-04-12,24
DK2,2026-04-13,24
DK2,2026-04-14,24
DK2,2026-04-15,24
DK2,2026-04-16,24
DK2,2026-04-17,24
DK2,2026-04-18,24
DK2,2026-04-19,24
DK2,2026-04-20,24
DK2,2026-04-21,24
DK2,2026-04-22,24
DK2,2026-04-23,24
DK2,2026-04-24,24
DK2,2026-04-25,24
DK2,2026-04-26,24
DK2,2026-04-27,24
DK2,2026-04-28,24
DK2,2026-04-29,24
DK2,2026-04-30,24
DK2,2026-05-01,24
DK2,2026-05-02,24
DK2,2026-05-03,24
DK2,2026-05-04,24
DK2,2026-05-05,24
DK2,2026-05-06,24
DK2,2026-05-07,24
DK2,2026-05-08,24
DK2,2026-05-09,24
DK2,2026-05-10,24
DK2,2026-05-11,24
DK2,2026-05-12,24
DK2,2026-05-13,24
DK2,2026-05-14,24
DK2,2026-05-15,24
DK2,2026-05-16,24
DK2,2026-05-17,24
DK2,2026-05-18,24
DK2,2026-05-19,24
DK2,2026-05-20,24
DK2,2026-05-21,24
DK2,2026-05-22,24
DK2,2026-05-23,24
DK2,2026-05-24,24
DK2,2026-05-25,24
DK2,2026-05-26,24
DK2,2026-05-27,24
DK2,2026-05-28,24
DK2,2026-05-29,24
DK2,2026-05-30,24
DK2,2026-05-31,24
DK2,2026-06-01,24
DK2,2026-06-02,24
DK2,2026-06-03,24
DK2,2026-06-04,24
DK2,2026-06-05,24
