target_date_local,model_alias,api_model,decision_time_local,decision_time_utc,run_init_utc,assumed_available_utc,availability_lag_hours,target_start_utc,target_end_utc,information_time_safe
2026-04-01,gfs,gfs_global,2026-03-31T11:00:00+02:00,2026-03-31 09:00:00+00:00,2026-03-31 00:00:00+00:00,2026-03-31 06:00:00+00:00,6,2026-03-31 22:00:00+00:00,2026-04-01 22:00:00+00:00,True
2026-04-01,icon_eu,icon_eu,2026-03-31T11:00:00+02:00,2026-03-31 09:00:00+00:00,2026-03-31 00:00:00+00:00,2026-03-31 04:00:00+00:00,4,2026-03-31 22:00:00+00:00,2026-04-01 22:00:00+00:00,True
2026-04-01,ecmwf,ecmwf_ifs025,2026-03-31T11:00:00+02:00,2026-03-31 09:00:00+00:00,2026-03-31 00:00:00+00:00,2026-03-31 06:00:00+00:00,6,2026-03-31 22:00:00+00:00,2026-04-01 22:00:00+00:00,True
2026-04-01,gem_global,gem_global,2026-03-31T11:00:00+02:00,2026-03-31 09:00:00+00:00,2026-03-31 00:00:00+00:00,2026-03-31 06:00:00+00:00,6,2026-03-31 22:00:00+00:00,2026-04-01 22:00:00+00:00,True
2026-04-01,jma_gsm,jma_gsm,2026-03-31T11:00:00+02:00,2026-03-31 09:00:00+00:00,2026-03-31 00:00:00+00:00,2026-03-31 06:00:00+00:00,6,2026-03-31 22:00:00+00:00,2026-04-01 22:00:00+00:00,True
2026-04-01,cma_grapes,cma_grapes_global,2026-03-31T11:00:00+02:00,2026-03-31 09:00:00+00:00,2026-03-31 00:00:00+00:00,2026-03-31 06:00:00+00:00,6,2026-03-31 22:00:00+00:00,2026-04-01 22:00:00+00:00,True
2026-04-01,bom_access,bom_access_global,2026-03-31T11:00:00+02:00,2026-03-31 09:00:00+00:00,2026-03-31 00:00:00+00:00,2026-03-31 06:00:00+00:00,6,2026-03-31 22:00:00+00:00,2026-04-01 22:00:00+00:00,True
2026-04-02,gfs,gfs_global,2026-04-01T11:00:00+02:00,2026-04-01 09:00:00+00:00,2026-04-01 00:00:00+00:00,2026-04-01 06:00:00+00:00,6,2026-04-01 22:00:00+00:00,2026-04-02 22:00:00+00:00,True
2026-04-02,icon_eu,icon_eu,2026-04-01T11:00:00+02:00,2026-04-01 09:00:00+00:00,2026-04-01 00:00:00+00:00,2026-04-01 04:00:00+00:00,4,2026-04-01 22:00:00+00:00,2026-04-02 22:00:00+00:00,True
2026-04-02,ecmwf,ecmwf_ifs025,2026-04-01T11:00:00+02:00,2026-04-01 09:00:00+00:00,2026-04-01 00:00:00+00:00,2026-04-01 06:00:00+00:00,6,2026-04-01 22:00:00+00:00,2026-04-02 22:00:00+00:00,True
2026-04-02,gem_global,gem_global,2026-04-01T11:00:00+02:00,2026-04-01 09:00:00+00:00,2026-04-01 00:00:00+00:00,2026-04-01 06:00:00+00:00,6,2026-04-01 22:00:00+00:00,2026-04-02 22:00:00+00:00,True
2026-04-02,jma_gsm,jma_gsm,2026-04-01T11:00:00+02:00,2026-04-01 09:00:00+00:00,2026-04-01 00:00:00+00:00,2026-04-01 06:00:00+00:00,6,2026-04-01 22:00:00+00:00,2026-04-02 22:00:00+00:00,True
2026-04-02,cma_grapes,cma_grapes_global,2026-04-01T11:00:00+02:00,2026-04-01 09:00:00+00:00,2026-04-01 00:00:00+00:00,2026-04-01 06:00:00+00:00,6,2026-04-01 22:00:00+00:00,2026-04-02 22:00:00+00:00,True
2026-04-02,bom_access,bom_access_global,2026-04-01T11:00:00+02:00,2026-04-01 09:00:00+00:00,2026-04-01 00:00:00+00:00,2026-04-01 06:00:00+00:00,6,2026-04-01 22:00:00+00:00,2026-04-02 22:00:00+00:00,True
2026-04-03,gfs,gfs_global,2026-04-02T11:00:00+02:00,2026-04-02 09:00:00+00:00,2026-04-02 00:00:00+00:00,2026-04-02 06:00:00+00:00,6,2026-04-02 22:00:00+00:00,2026-04-03 22:00:00+00:00,True
2026-04-03,icon_eu,icon_eu,2026-04-02T11:00:00+02:00,2026-04-02 09:00:00+00:00,2026-04-02 00:00:00+00:00,2026-04-02 04:00:00+00:00,4,2026-04-02 22:00:00+00:00,2026-04-03 22:00:00+00:00,True
2026-04-03,ecmwf,ecmwf_ifs025,2026-04-02T11:00:00+02:00,2026-04-02 09:00:00+00:00,2026-04-02 00:00:00+00:00,2026-04-02 06:00:00+00:00,6,2026-04-02 22:00:00+00:00,2026-04-03 22:00:00+00:00,True
2026-04-03,gem_global,gem_global,2026-04-02T11:00:00+02:00,2026-04-02 09:00:00+00:00,2026-04-02 00:00:00+00:00,2026-04-02 06:00:00+00:00,6,2026-04-02 22:00:00+00:00,2026-04-03 22:00:00+00:00,True
2026-04-03,jma_gsm,jma_gsm,2026-04-02T11:00:00+02:00,2026-04-02 09:00:00+00:00,2026-04-02 00:00:00+00:00,2026-04-02 06:00:00+00:00,6,2026-04-02 22:00:00+00:00,2026-04-03 22:00:00+00:00,True
2026-04-03,cma_grapes,cma_grapes_global,2026-04-02T11:00:00+02:00,2026-04-02 09:00:00+00:00,2026-04-02 00:00:00+00:00,2026-04-02 06:00:00+00:00,6,2026-04-02 22:00:00+00:00,2026-04-03 22:00:00+00:00,True
2026-04-03,bom_access,bom_access_global,2026-04-02T11:00:00+02:00,2026-04-02 09:00:00+00:00,2026-04-02 00:00:00+00:00,2026-04-02 06:00:00+00:00,6,2026-04-02 22:00:00+00:00,2026-04-03 22:00:00+00:00,True
