panel,fold_id,price_area,centre_model,probabilistic_method,quantile,pinball_loss,empirical_cdf,calibration_error,observations
d2,2,DK1,ensemble::hedge,empirical_conditional,0.05,50.87928070856016,0.07222222222222222,0.022222222222222213,2160
d2,2,DK1,ensemble::hedge,empirical_conditional,0.1,82.76296072670534,0.1361111111111111,0.036111111111111094,2160
d2,2,DK1,ensemble::hedge,empirical_conditional,0.25,146.96518485242058,0.27175925925925926,0.021759259259259256,2160
d2,2,DK1,ensemble::hedge,empirical_conditional,0.5,193.85904860834975,0.44537037037037036,-0.05462962962962964,2160
d2,2,DK1,ensemble::hedge,empirical_conditional,0.75,162.0910302902128,0.6333333333333333,-0.1166666666666667,2160
d2,2,DK1,ensemble::hedge,empirical_conditional,0.9,90.00514422924007,0.7986111111111112,-0.10138888888888886,2160
d2,2,DK1,ensemble::hedge,empirical_conditional,0.95,52.63604175263973,0.8680555555555556,-0.08194444444444438,2160
d2,2,DK1,ensemble::hedge,empirical_global,0.05,46.20676962053623,0.027314814814814816,-0.022685185185185187,2160
d2,2,DK1,ensemble::hedge,empirical_global,0.1,76.9710116000731,0.1125,0.012499999999999997,2160
d2,2,DK1,ensemble::hedge,empirical_global,0.25,144.85643473604668,0.2773148148148148,0.027314814814814792,2160
d2,2,DK1,ensemble::hedge,empirical_global,0.5,191.2522090272816,0.4462962962962963,-0.0537037037037037,2160
d2,2,DK1,ensemble::hedge,empirical_global,0.75,156.39269160746863,0.6453703703703704,-0.10462962962962963,2160
d2,2,DK1,ensemble::hedge,empirical_global,0.9,80.17203731193321,0.8189814814814815,-0.08101851851851849,2160
d2,2,DK1,ensemble::hedge,empirical_global,0.95,41.70455926089289,0.9361111111111111,-0.01388888888888884,2160
d2,2,DK1,ensemble::hedge,quantile_gbdt,0.05,67.10108735723497,0.2199074074074074,0.1699074074074074,2160
d2,2,DK1,ensemble::hedge,quantile_gbdt,0.1,114.70965379817567,0.33240740740740743,0.23240740740740742,2160
d2,2,DK1,ensemble::hedge,quantile_gbdt,0.25,176.6330015781454,0.462037037037037,0.21203703703703702,2160
d2,2,DK1,ensemble::hedge,quantile_gbdt,0.5,224.09719066773766,0.6282407407407408,0.12824074074074077,2160
d2,2,DK1,ensemble::hedge,quantile_gbdt,0.75,194.18551607927122,0.7578703703703704,0.007870370370370416,2160
d2,2,DK1,ensemble::hedge,quantile_gbdt,0.9,103.5383103636633,0.8597222222222223,-0.040277777777777746,2160
d2,2,DK1,ensemble::hedge,quantile_gbdt,0.95,63.20015032354942,0.8810185185185185,-0.06898148148148142,2160
d2,2,DK1,ensemble::linear_stack,conformal_quantile_gbdt,0.05,44.19373993667468,0.014814814814814815,-0.03518518518518519,2160
d2,2,DK1,ensemble::linear_stack,conformal_quantile_gbdt,0.1,71.30191403215136,0.1037037037037037,0.003703703703703695,2160
d2,2,DK1,ensemble::linear_stack,conformal_quantile_gbdt,0.25,138.14960873872462,0.3087962962962963,0.05879629629629629,2160
d2,2,DK1,ensemble::linear_stack,conformal_quantile_gbdt,0.5,187.1178655041807,0.4699074074074074,-0.030092592592592615,2160
d2,2,DK1,ensemble::linear_stack,conformal_quantile_gbdt,0.75,164.82418176804234,0.6194444444444445,-0.13055555555555554,2160
d2,2,DK1,ensemble::linear_stack,conformal_quantile_gbdt,0.9,82.03407405262666,0.8592592592592593,-0.040740740740740744,2160
d2,2,DK1,ensemble::linear_stack,conformal_quantile_gbdt,0.95,47.47167704875267,0.9560185185185185,0.006018518518518534,2160
d2,2,DK1,ensemble::linear_stack,empirical_conditional,0.05,49.06598871657694,0.0787037037037037,0.028703703703703703,2160
d2,2,DK1,ensemble::linear_stack,empirical_conditional,0.1,82.26072241095974,0.16342592592592592,0.06342592592592591,2160
d2,2,DK1,ensemble::linear_stack,empirical_conditional,0.25,144.61746312527117,0.34444444444444444,0.09444444444444444,2160
d2,2,DK1,ensemble::linear_stack,empirical_conditional,0.5,183.81026613503994,0.5277777777777778,0.02777777777777779,2160
d2,2,DK1,ensemble::linear_stack,empirical_conditional,0.75,148.3169129551854,0.6907407407407408,-0.059259259259259234,2160
d2,2,DK1,ensemble::linear_stack,empirical_conditional,0.9,80.54783724898093,0.8574074074074074,-0.042592592592592626,2160
d2,2,DK1,ensemble::linear_stack,empirical_conditional,0.95,46.50740314691915,0.9259259259259259,-0.024074074074074026,2160
d2,2,DK1,ensemble::linear_stack,empirical_global,0.05,42.17448560656085,0.020370370370370372,-0.02962962962962963,2160
d2,2,DK1,ensemble::linear_stack,empirical_global,0.1,72.99895877888727,0.12037037037037036,0.020370370370370358,2160
d2,2,DK1,ensemble::linear_stack,empirical_global,0.25,144.85060539738413,0.34814814814814815,0.09814814814814815,2160
d2,2,DK1,ensemble::linear_stack,empirical_global,0.5,182.08436654284597,0.5189814814814815,0.018981481481481488,2160
d2,2,DK1,ensemble::linear_stack,empirical_global,0.75,145.20562167647904,0.700925925925926,-0.04907407407407405,2160
d2,2,DK1,ensemble::linear_stack,empirical_global,0.9,75.76140402178792,0.9069444444444444,0.00694444444444442,2160
d2,2,DK1,ensemble::linear_stack,empirical_global,0.95,45.0315461180612,0.9587962962962963,0.008796296296296302,2160
d2,2,DK1,ensemble::linear_stack,quantile_gbdt,0.05,72.11327246120766,0.24722222222222223,0.19722222222222224,2160
d2,2,DK1,ensemble::linear_stack,quantile_gbdt,0.1,141.67970475165228,0.3976851851851852,0.29768518518518516,2160
d2,2,DK1,ensemble::linear_stack,quantile_gbdt,0.25,230.35930776758084,0.5560185185185185,0.30601851851851847,2160
d2,2,DK1,ensemble::linear_stack,quantile_gbdt,0.5,237.23850333804205,0.6606481481481481,0.1606481481481481,2160
d2,2,DK1,ensemble::linear_stack,quantile_gbdt,0.75,195.1151832594047,0.7893518518518519,0.03935185185185186,2160
d2,2,DK1,ensemble::linear_stack,quantile_gbdt,0.9,104.8634017960674,0.8694444444444445,-0.030555555555555558,2160
d2,2,DK1,ensemble::linear_stack,quantile_gbdt,0.95,59.155092344655635,0.9083333333333333,-0.04166666666666663,2160
d2,2,DK1,pooled_lightgbm,empirical_conditional,0.05,51.21483145864904,0.06851851851851852,0.018518518518518517,2160
d2,2,DK1,pooled_lightgbm,empirical_conditional,0.1,82.77574202176609,0.12962962962962962,0.029629629629629617,2160
d2,2,DK1,pooled_lightgbm,empirical_conditional,0.25,150.69198150693668,0.28379629629629627,0.03379629629629627,2160
d2,2,DK1,pooled_lightgbm,empirical_conditional,0.5,198.8353539285576,0.4708333333333333,-0.029166666666666674,2160
d2,2,DK1,pooled_lightgbm,empirical_conditional,0.75,169.2646001787714,0.6398148148148148,-0.11018518518518516,2160
d2,2,DK1,pooled_lightgbm,empirical_conditional,0.9,96.22835233481973,0.799537037037037,-0.10046296296296298,2160
d2,2,DK1,pooled_lightgbm,empirical_conditional,0.95,58.51703213594473,0.8671296296296296,-0.08287037037037037,2160
d2,2,DK1,pooled_lightgbm,empirical_global,0.05,46.68830949620036,0.021296296296296296,-0.028703703703703707,2160
d2,2,DK1,pooled_lightgbm,empirical_global,0.1,77.6321433276746,0.0837962962962963,-0.016203703703703706,2160
d2,2,DK1,pooled_lightgbm,empirical_global,0.25,149.80551720345576,0.29814814814814816,0.04814814814814816,2160
d2,2,DK1,pooled_lightgbm,empirical_global,0.5,197.01247877486026,0.4648148148148148,-0.03518518518518521,2160
d2,2,DK1,pooled_lightgbm,empirical_global,0.75,164.72534355355128,0.6416666666666667,-0.10833333333333328,2160
d2,2,DK1,pooled_lightgbm,empirical_global,0.9,85.20422227016536,0.8231481481481482,-0.07685185185185184,2160
d2,2,DK1,pooled_lightgbm,empirical_global,0.95,45.097272122316724,0.9462962962962963,-0.0037037037037036535,2160
d2,2,DK1,pooled_lightgbm,quantile_gbdt,0.05,56.38939581870127,0.17407407407407408,0.12407407407407407,2160
d2,2,DK1,pooled_lightgbm,quantile_gbdt,0.1,107.52092068939409,0.29259259259259257,0.19259259259259257,2160
d2,2,DK1,pooled_lightgbm,quantile_gbdt,0.25,210.12481222443722,0.49444444444444446,0.24444444444444446,2160
d2,2,DK1,pooled_lightgbm,quantile_gbdt,0.5,239.01616407020455,0.612037037037037,0.11203703703703705,2160
d2,2,DK1,pooled_lightgbm,quantile_gbdt,0.75,206.72006699140329,0.7439814814814815,-0.006018518518518534,2160
d2,2,DK1,pooled_lightgbm,quantile_gbdt,0.9,117.72451732989825,0.8018518518518518,-0.0981481481481482,2160
d2,2,DK1,pooled_lightgbm,quantile_gbdt,0.95,69.87443965973186,0.8625,-0.08749999999999991,2160
d2,2,DK2,ensemble::equal_weight,empirical_conditional,0.05,21.117123808493744,0.08148148148148149,0.031481481481481485,2160
d2,2,DK2,ensemble::equal_weight,empirical_conditional,0.1,33.32926437107363,0.12731481481481483,0.02731481481481482,2160
d2,2,DK2,ensemble::equal_weight,empirical_conditional,0.25,57.90115447033426,0.2800925925925926,0.030092592592592615,2160
d2,2,DK2,ensemble::equal_weight,empirical_conditional,0.5,73.11040653579794,0.48842592592592593,-0.01157407407407407,2160
d2,2,DK2,ensemble::equal_weight,empirical_conditional,0.75,59.40351823736858,0.7625,0.012499999999999956,2160
d2,2,DK2,ensemble::equal_weight,empirical_conditional,0.9,34.1314328307156,0.9287037037037037,0.028703703703703676,2160
d2,2,DK2,ensemble::equal_weight,empirical_conditional,0.95,20.815582491403443,0.9587962962962963,0.008796296296296302,2160
d2,2,DK2,ensemble::equal_weight,empirical_global,0.05,19.91956223023571,0.05138888888888889,0.001388888888888884,2160
d2,2,DK2,ensemble::equal_weight,empirical_global,0.1,32.45731459169067,0.1037037037037037,0.003703703703703695,2160
d2,2,DK2,ensemble::equal_weight,empirical_global,0.25,55.691647697521944,0.27175925925925926,0.021759259259259256,2160
d2,2,DK2,ensemble::equal_weight,empirical_global,0.5,69.39735165076056,0.4810185185185185,-0.018981481481481488,2160
d2,2,DK2,ensemble::equal_weight,empirical_global,0.75,59.01962109095453,0.8175925925925925,0.06759259259259254,2160
d2,2,DK2,ensemble::equal_weight,empirical_global,0.9,35.607889436716995,0.9412037037037037,0.04120370370370363,2160
d2,2,DK2,ensemble::equal_weight,empirical_global,0.95,21.56491231602536,0.9685185185185186,0.0185185185185186,2160
d2,2,DK2,ensemble::equal_weight,quantile_gbdt,0.05,25.88566460220846,0.1486111111111111,0.09861111111111111,2160
d2,2,DK2,ensemble::equal_weight,quantile_gbdt,0.1,56.278761180342684,0.42777777777777776,0.3277777777777777,2160
d2,2,DK2,ensemble::equal_weight,quantile_gbdt,0.25,80.81993340459475,0.5976851851851852,0.3476851851851852,2160
d2,2,DK2,ensemble::equal_weight,quantile_gbdt,0.5,91.47741667862218,0.7865740740740741,0.2865740740740741,2160
d2,2,DK2,ensemble::equal_weight,quantile_gbdt,0.75,67.09680097320741,0.9018518518518519,0.1518518518518519,2160
d2,2,DK2,ensemble::equal_weight,quantile_gbdt,0.9,34.584685418496036,0.9675925925925926,0.06759259259259254,2160
d2,2,DK2,ensemble::equal_weight,quantile_gbdt,0.95,20.634401107932394,0.987037037037037,0.03703703703703709,2160
d2,2,DK2,ensemble::hedge,empirical_conditional,0.05,21.222005132053333,0.08425925925925926,0.03425925925925925,2160
d2,2,DK2,ensemble::hedge,empirical_conditional,0.1,33.64751011299388,0.13842592592592592,0.03842592592592592,2160
d2,2,DK2,ensemble::hedge,empirical_conditional,0.25,57.61700059843234,0.30185185185185187,0.05185185185185187,2160
d2,2,DK2,ensemble::hedge,empirical_conditional,0.5,72.64028270382028,0.5138888888888888,0.01388888888888884,2160
d2,2,DK2,ensemble::hedge,empirical_conditional,0.75,59.06096502096255,0.7777777777777778,0.02777777777777779,2160
d2,2,DK2,ensemble::hedge,empirical_conditional,0.9,33.81266223006006,0.9351851851851852,0.03518518518518521,2160
d2,2,DK2,ensemble::hedge,empirical_conditional,0.95,20.48165124733288,0.9625,0.012500000000000067,2160
d2,2,DK2,ensemble::hedge,empirical_global,0.05,20.23030018121805,0.062037037037037036,0.012037037037037034,2160
d2,2,DK2,ensemble::hedge,empirical_global,0.1,32.779697748912106,0.11574074074074074,0.015740740740740736,2160
d2,2,DK2,ensemble::hedge,empirical_global,0.25,55.832448883036854,0.2851851851851852,0.03518518518518521,2160
d2,2,DK2,ensemble::hedge,empirical_global,0.5,68.51833538504403,0.5092592592592593,0.0092592592592593,2160
d2,2,DK2,ensemble::hedge,empirical_global,0.75,59.19409374223394,0.8328703703703704,0.08287037037037037,2160
d2,2,DK2,ensemble::hedge,empirical_global,0.9,35.49404151071555,0.9425925925925925,0.042592592592592515,2160
d2,2,DK2,ensemble::hedge,empirical_global,0.95,21.494325183410346,0.9745370370370371,0.024537037037037135,2160
d2,2,DK2,ensemble::hedge,quantile_gbdt,0.05,24.455550170571506,0.1300925925925926,0.08009259259259259,2160
d2,2,DK2,ensemble::hedge,quantile_gbdt,0.1,64.48901007458768,0.48564814814814816,0.3856481481481482,2160
d2,2,DK2,ensemble::hedge,quantile_gbdt,0.25,88.3998665611821,0.6222222222222222,0.37222222222222223,2160
d2,2,DK2,ensemble::hedge,quantile_gbdt,0.5,94.31076807193051,0.7856481481481481,0.2856481481481481,2160
d2,2,DK2,ensemble::hedge,quantile_gbdt,0.75,70.83303629708774,0.9171296296296296,0.16712962962962963,2160
d2,2,DK2,ensemble::hedge,quantile_gbdt,0.9,35.88769483283209,0.9699074074074074,0.06990740740740742,2160
d2,2,DK2,ensemble::hedge,quantile_gbdt,0.95,22.058923793566855,0.9944444444444445,0.04444444444444451,2160
d2,2,DK2,pooled_lightgbm,conformal_quantile_gbdt,0.05,22.213628382843858,0.06620370370370371,0.016203703703703706,2160
d2,2,DK2,pooled_lightgbm,conformal_quantile_gbdt,0.1,35.68388212230194,0.14814814814814814,0.048148148148148134,2160
d2,2,DK2,pooled_lightgbm,conformal_quantile_gbdt,0.25,64.73445046479162,0.41388888888888886,0.16388888888888886,2160
d2,2,DK2,pooled_lightgbm,conformal_quantile_gbdt,0.5,76.9851998963434,0.7083333333333334,0.20833333333333337,2160
d2,2,DK2,pooled_lightgbm,conformal_quantile_gbdt,0.75,62.78825627551422,0.9125,0.16249999999999998,2160
d2,2,DK2,pooled_lightgbm,conformal_quantile_gbdt,0.9,34.411987882278225,0.9712962962962963,0.0712962962962963,2160
d2,2,DK2,pooled_lightgbm,conformal_quantile_gbdt,0.95,19.957951490869586,0.9837962962962963,0.033796296296296324,2160
d2,2,DK2,pooled_lightgbm,empirical_conditional,0.05,22.02553183652522,0.08518518518518518,0.03518518518518518,2160
d2,2,DK2,pooled_lightgbm,empirical_conditional,0.1,34.51007317959413,0.1439814814814815,0.04398148148148148,2160
d2,2,DK2,pooled_lightgbm,empirical_conditional,0.25,55.83561521013736,0.31203703703703706,0.06203703703703706,2160
d2,2,DK2,pooled_lightgbm,empirical_conditional,0.5,68.06095064627101,0.5509259259259259,0.05092592592592593,2160
d2,2,DK2,pooled_lightgbm,empirical_conditional,0.75,58.01094862807882,0.8087962962962963,0.058796296296296346,2160
d2,2,DK2,pooled_lightgbm,empirical_conditional,0.9,35.19783310592549,0.9324074074074075,0.03240740740740744,2160
d2,2,DK2,pooled_lightgbm,empirical_conditional,0.95,21.25990398574903,0.9662037037037037,0.01620370370370372,2160
d2,2,DK2,pooled_lightgbm,empirical_global,0.05,19.735905487477883,0.05416666666666667,0.004166666666666666,2160
d2,2,DK2,pooled_lightgbm,empirical_global,0.1,32.606281745295966,0.12037037037037036,0.020370370370370358,2160
d2,2,DK2,pooled_lightgbm,empirical_global,0.25,54.03750125010869,0.2902777777777778,0.0402777777777778,2160
d2,2,DK2,pooled_lightgbm,empirical_global,0.5,65.377084247878,0.5574074074074075,0.05740740740740746,2160
d2,2,DK2,pooled_lightgbm,empirical_global,0.75,57.988515881442545,0.8324074074074074,0.08240740740740737,2160
d2,2,DK2,pooled_lightgbm,empirical_global,0.9,35.09576148664556,0.9342592592592592,0.03425925925925921,2160
d2,2,DK2,pooled_lightgbm,empirical_global,0.95,21.709109299907375,0.9800925925925926,0.03009259259259267,2160
d2,2,DK2,pooled_lightgbm,quantile_gbdt,0.05,26.86986254764599,0.15324074074074073,0.10324074074074073,2160
d2,2,DK2,pooled_lightgbm,quantile_gbdt,0.1,44.492863401525085,0.275,0.17500000000000002,2160
d2,2,DK2,pooled_lightgbm,quantile_gbdt,0.25,81.71960039146217,0.5768518518518518,0.32685185185185184,2160
d2,2,DK2,pooled_lightgbm,quantile_gbdt,0.5,86.63337911503372,0.7587962962962963,0.2587962962962963,2160
d2,2,DK2,pooled_lightgbm,quantile_gbdt,0.75,66.06844541163224,0.9152777777777777,0.16527777777777775,2160
d2,2,DK2,pooled_lightgbm,quantile_gbdt,0.9,34.47928597110416,0.9671296296296297,0.06712962962962965,2160
d2,2,DK2,pooled_lightgbm,quantile_gbdt,0.95,19.74749449970361,0.9861111111111112,0.036111111111111205,2160
d2,3,DK1,ensemble::hedge,empirical_conditional,0.05,46.39432375856665,0.05743399722093562,0.007433997220935615,2159
d2,3,DK1,ensemble::hedge,empirical_conditional,0.1,73.69088776636518,0.11811023622047244,0.018110236220472434,2159
d2,3,DK1,ensemble::hedge,empirical_conditional,0.25,131.17730593836697,0.31542380731820285,0.06542380731820285,2159
d2,3,DK1,ensemble::hedge,empirical_conditional,0.5,180.7212893963676,0.619731357109773,0.119731357109773,2159
d2,3,DK1,ensemble::hedge,empirical_conditional,0.75,167.39477824305402,0.7948124131542381,0.04481241315423812,2159
d2,3,DK1,ensemble::hedge,empirical_conditional,0.9,99.72854903494847,0.88837424733673,-0.01162575266327004,2159
d2,3,DK1,ensemble::hedge,empirical_conditional,0.95,63.28175914447646,0.9235757295044001,-0.02642427049559981,2159
d2,3,DK1,ensemble::hedge,empirical_global,0.05,44.66428970207659,0.05141269106067624,0.0014126910606762355,2159
d2,3,DK1,ensemble::hedge,empirical_global,0.1,74.32296146759305,0.10375173691523853,0.0037517369152385294,2159
d2,3,DK1,ensemble::hedge,empirical_global,0.25,131.06811731169273,0.2681797128300139,0.018179712830013905,2159
d2,3,DK1,ensemble::hedge,empirical_global,0.5,179.59162172098772,0.6266790180639185,0.12667901806391846,2159
d2,3,DK1,ensemble::hedge,empirical_global,0.75,165.5259089429169,0.7999073645206114,0.0499073645206114,2159
d2,3,DK1,ensemble::hedge,empirical_global,0.9,99.2199742742103,0.8990273274664197,-0.0009726725335803543,2159
d2,3,DK1,ensemble::hedge,empirical_global,0.95,62.280613538563635,0.9342288096340898,-0.015771190365910126,2159
d2,3,DK1,ensemble::hedge,quantile_gbdt,0.05,56.3030844197602,0.12691060676239,0.07691060676238999,2159
d2,3,DK1,ensemble::hedge,quantile_gbdt,0.1,97.91964171901016,0.23761000463177398,0.13761000463177397,2159
d2,3,DK1,ensemble::hedge,quantile_gbdt,0.25,153.6347936389314,0.3793422880963409,0.1293422880963409,2159
d2,3,DK1,ensemble::hedge,quantile_gbdt,0.5,181.2978595246779,0.5048633626679018,0.004863362667901772,2159
d2,3,DK1,ensemble::hedge,quantile_gbdt,0.75,143.7915784580154,0.7698008337193145,0.019800833719314515,2159
d2,3,DK1,ensemble::hedge,quantile_gbdt,0.9,89.35232030534382,0.8452987494210282,-0.054701250578971794,2159
d2,3,DK1,ensemble::hedge,quantile_gbdt,0.95,61.245095697297714,0.8851320055581288,-0.06486799444187119,2159
d2,3,DK1,ensemble::linear_stack,conformal_quantile_gbdt,0.05,45.34824701877273,0.041685965724872626,-0.008314034275127377,2159
d2,3,DK1,ensemble::linear_stack,conformal_quantile_gbdt,0.1,77.57641080823825,0.1301528485409912,0.030152848540991206,2159
d2,3,DK1,ensemble::linear_stack,conformal_quantile_gbdt,0.25,137.0382402075021,0.23112552107457157,-0.01887447892542843,2159
d2,3,DK1,ensemble::linear_stack,conformal_quantile_gbdt,0.5,182.63874884522778,0.5182955071792497,0.01829550717924966,2159
d2,3,DK1,ensemble::linear_stack,conformal_quantile_gbdt,0.75,149.53546431510645,0.7420101899027327,-0.007989810097267291,2159
d2,3,DK1,ensemble::linear_stack,conformal_quantile_gbdt,0.9,82.49730881598136,0.904122278832793,0.004122278832792925,2159
d2,3,DK1,ensemble::linear_stack,conformal_quantile_gbdt,0.95,51.8409354683709,0.9462714219546086,-0.0037285780453913953,2159
d2,3,DK1,ensemble::linear_stack,empirical_conditional,0.05,53.21019619490568,0.063455303381195,0.013455303381194994,2159
d2,3,DK1,ensemble::linear_stack,empirical_conditional,0.1,80.87869602788871,0.11718388142658638,0.017183881426586375,2159
d2,3,DK1,ensemble::linear_stack,empirical_conditional,0.25,138.32799006604225,0.25104214914312184,0.00104214914312184,2159
d2,3,DK1,ensemble::linear_stack,empirical_conditional,0.5,169.17090783174893,0.4840203798054655,-0.015979620194534527,2159
d2,3,DK1,ensemble::linear_stack,empirical_conditional,0.75,141.90506007948537,0.777674849467346,0.027674849467345997,2159
d2,3,DK1,ensemble::linear_stack,empirical_conditional,0.9,85.17173899290756,0.9004168596572487,0.00041685965724869156,2159
d2,3,DK1,ensemble::linear_stack,empirical_conditional,0.95,55.14511042218602,0.9319129226493748,-0.018087077350625202,2159
d2,3,DK1,ensemble::linear_stack,empirical_global,0.05,49.47434688684924,0.06021306160259379,0.01021306160259379,2159
d2,3,DK1,ensemble::linear_stack,empirical_global,0.1,80.21093068427996,0.11301528485409912,0.013015284854099113,2159
d2,3,DK1,ensemble::linear_stack,empirical_global,0.25,141.36957582296765,0.23112552107457157,-0.01887447892542843,2159
d2,3,DK1,ensemble::linear_stack,empirical_global,0.5,168.02292905799956,0.4687355257063455,-0.031264474293654476,2159
d2,3,DK1,ensemble::linear_stack,empirical_global,0.75,140.26456009644895,0.7962019453450672,0.046201945345067164,2159
d2,3,DK1,ensemble::linear_stack,empirical_global,0.9,84.99993381479746,0.9115331171838814,0.011533117183881392,2159
d2,3,DK1,ensemble::linear_stack,empirical_global,0.95,53.92377738902812,0.953219082908754,0.0032190829087540562,2159
d2,3,DK1,ensemble::linear_stack,quantile_gbdt,0.05,61.922216738417106,0.14312181565539603,0.09312181565539603,2159
d2,3,DK1,ensemble::linear_stack,quantile_gbdt,0.1,109.51153027786388,0.26262158406669756,0.16262158406669755,2159
d2,3,DK1,ensemble::linear_stack,quantile_gbdt,0.25,156.3682653561465,0.349235757295044,0.09923575729504402,2159
d2,3,DK1,ensemble::linear_stack,quantile_gbdt,0.5,195.5377909965603,0.5428439092172302,0.04284390921723025,2159
d2,3,DK1,ensemble::linear_stack,quantile_gbdt,0.75,145.0513424167721,0.7457156090782769,-0.004284390921723058,2159
d2,3,DK1,ensemble::linear_stack,quantile_gbdt,0.9,85.48314359513014,0.840666975451598,-0.05933302454840206,2159
d2,3,DK1,ensemble::linear_stack,quantile_gbdt,0.95,57.71757052330453,0.88837424733673,-0.06162575266326997,2159
d2,3,DK1,pooled_lightgbm,empirical_conditional,0.05,51.7707909382596,0.0555812876331635,0.005581287633163498,2159
d2,3,DK1,pooled_lightgbm,empirical_conditional,0.1,78.92352571666193,0.10838351088466883,0.008383510884668821,2159
d2,3,DK1,pooled_lightgbm,empirical_conditional,0.25,135.31153611589815,0.30847614636405746,0.05847614636405746,2159
d2,3,DK1,pooled_lightgbm,empirical_conditional,0.5,177.1416729148998,0.5998147290412228,0.0998147290412228,2159
d2,3,DK1,pooled_lightgbm,empirical_conditional,0.75,159.9386887545481,0.8054654932839277,0.05546549328392769,2159
d2,3,DK1,pooled_lightgbm,empirical_conditional,0.9,94.42699250110385,0.9069013432144511,0.006901343214451128,2159
d2,3,DK1,pooled_lightgbm,empirical_conditional,0.95,58.48377358211296,0.9425660027790643,-0.007433997220935629,2159
d2,3,DK1,pooled_lightgbm,empirical_global,0.05,50.1139401546414,0.05187586845761927,0.0018758684576192647,2159
d2,3,DK1,pooled_lightgbm,empirical_global,0.1,79.36314606769523,0.09402501157943492,-0.005974988420565083,2159
d2,3,DK1,pooled_lightgbm,empirical_global,0.25,135.4740150092542,0.25798981009726724,0.007989810097267236,2159
d2,3,DK1,pooled_lightgbm,empirical_global,0.5,175.55333274851588,0.5988883742473368,0.09888837424733676,2159
d2,3,DK1,pooled_lightgbm,empirical_global,0.75,158.66798515198806,0.8151922186197313,0.06519221861973135,2159
d2,3,DK1,pooled_lightgbm,empirical_global,0.9,95.23303990176275,0.9129226493747105,0.012922649374710438,2159
d2,3,DK1,pooled_lightgbm,empirical_global,0.95,58.66078919700399,0.9490504863362668,-0.0009495136637331925,2159
d2,3,DK1,pooled_lightgbm,quantile_gbdt,0.05,54.73840202364516,0.08522464103751737,0.035224641037517365,2159
d2,3,DK1,pooled_lightgbm,quantile_gbdt,0.1,93.23262854374231,0.20194534506716072,0.10194534506716071,2159
d2,3,DK1,pooled_lightgbm,quantile_gbdt,0.25,149.6347785879179,0.33950903195924037,0.08950903195924037,2159
d2,3,DK1,pooled_lightgbm,quantile_gbdt,0.5,183.3397844342384,0.4747568318666049,-0.02524316813339511,2159
d2,3,DK1,pooled_lightgbm,quantile_gbdt,0.75,145.75918596202078,0.7975914775358962,0.04759147753589621,2159
d2,3,DK1,pooled_lightgbm,quantile_gbdt,0.9,84.49262105566368,0.8772579898100973,-0.02274201018990274,2159
d2,3,DK1,pooled_lightgbm,quantile_gbdt,0.95,52.813605404368936,0.9346919870310328,-0.01530801296896711,2159
d2,3,DK2,ensemble::equal_weight,empirical_conditional,0.05,23.2672276356781,0.07549791570171376,0.025497915701713753,2159
d2,3,DK2,ensemble::equal_weight,empirical_conditional,0.1,34.35268923594292,0.12505789717461788,0.02505789717461787,2159
d2,3,DK2,ensemble::equal_weight,empirical_conditional,0.25,55.21310317835737,0.30616025937934227,0.05616025937934227,2159
d2,3,DK2,ensemble::equal_weight,empirical_conditional,0.5,69.06392936141424,0.5905511811023622,0.09055118110236215,2159
d2,3,DK2,ensemble::equal_weight,empirical_conditional,0.75,58.71453525572247,0.7971283001389532,0.047128300138953194,2159
d2,3,DK2,ensemble::equal_weight,empirical_conditional,0.9,35.39324339109241,0.9143121815655396,0.014312181565539595,2159
d2,3,DK2,ensemble::equal_weight,empirical_conditional,0.95,22.428206752087856,0.9434923575729505,-0.006507642427049487,2159
d2,3,DK2,ensemble::equal_weight,empirical_global,0.05,21.109252765271023,0.06021306160259379,0.01021306160259379,2159
d2,3,DK2,ensemble::equal_weight,empirical_global,0.1,33.7640141773613,0.11069939786938397,0.010699397869383967,2159
d2,3,DK2,ensemble::equal_weight,empirical_global,0.25,54.79009454625432,0.26215840666975454,0.01215840666975454,2159
d2,3,DK2,ensemble::equal_weight,empirical_global,0.5,70.29055680238605,0.6160259379342288,0.11602593793422877,2159
d2,3,DK2,ensemble::equal_weight,empirical_global,0.75,63.0677421421264,0.8212135247799908,0.07121352477999077,2159
d2,3,DK2,ensemble::equal_weight,empirical_global,0.9,38.221313929397034,0.9249652616952293,0.02496526169522928,2159
d2,3,DK2,ensemble::equal_weight,empirical_global,0.95,23.48216138503163,0.9615562760537286,0.011556276053728665,2159
d2,3,DK2,ensemble::equal_weight,quantile_gbdt,0.05,24.769275478750203,0.12274201018990273,0.07274201018990273,2159
d2,3,DK2,ensemble::equal_weight,quantile_gbdt,0.1,40.504533186100524,0.2329782306623437,0.13297823066234368,2159
d2,3,DK2,ensemble::equal_weight,quantile_gbdt,0.25,60.27542302366427,0.33997220935618344,0.08997220935618344,2159
d2,3,DK2,ensemble::equal_weight,quantile_gbdt,0.5,71.18166406384579,0.5924038906901343,0.09240389069013433,2159
d2,3,DK2,ensemble::equal_weight,quantile_gbdt,0.75,57.10987968266953,0.7948124131542381,0.04481241315423812,2159
d2,3,DK2,ensemble::equal_weight,quantile_gbdt,0.9,35.19245238485552,0.8981009726725335,-0.001899027327466496,2159
d2,3,DK2,ensemble::equal_weight,quantile_gbdt,0.95,26.867156439801494,0.9434923575729505,-0.006507642427049487,2159
d2,3,DK2,ensemble::hedge,empirical_conditional,0.05,23.94282333826823,0.09124594719777675,0.041245947197776744,2159
d2,3,DK2,ensemble::hedge,empirical_conditional,0.1,35.604640962603476,0.1440481704492821,0.04404817044928208,2159
d2,3,DK2,ensemble::hedge,empirical_conditional,0.25,57.311181188225866,0.3228346456692913,0.07283464566929132,2159
d2,3,DK2,ensemble::hedge,empirical_conditional,0.5,70.8123940254807,0.6072255673923113,0.10722556739231126,2159
d2,3,DK2,ensemble::hedge,empirical_conditional,0.75,59.59922607446494,0.7994441871236684,0.04944418712366838,2159
d2,3,DK2,ensemble::hedge,empirical_conditional,0.9,35.90895055957812,0.9138490041685966,0.01384900416859658,2159
d2,3,DK2,ensemble::hedge,empirical_conditional,0.95,22.76193460249823,0.9425660027790643,-0.007433997220935629,2159
d2,3,DK2,ensemble::hedge,empirical_global,0.05,21.468960586494276,0.07040296433534043,0.02040296433534043,2159
d2,3,DK2,ensemble::hedge,empirical_global,0.1,34.74905744277463,0.12552107457156092,0.025521074571560914,2159
d2,3,DK2,ensemble::hedge,empirical_global,0.25,56.40980485635155,0.2765169059749884,0.026516905974988403,2159
d2,3,DK2,ensemble::hedge,empirical_global,0.5,71.70812842151823,0.6243631310792034,0.12436313107920338,2159
d2,3,DK2,ensemble::hedge,empirical_global,0.75,63.985890399047,0.8235294117647058,0.07352941176470584,2159
d2,3,DK2,ensemble::hedge,empirical_global,0.9,38.83239057839295,0.9235757295044001,0.023575729504400122,2159
d2,3,DK2,ensemble::hedge,empirical_global,0.95,23.72629093522868,0.9597035664659564,0.009703566465956492,2159
d2,3,DK2,ensemble::hedge,quantile_gbdt,0.05,27.0737568483422,0.1602593793422881,0.11025937934228809,2159
d2,3,DK2,ensemble::hedge,quantile_gbdt,0.1,41.530658953972555,0.23668364983788792,0.13668364983788792,2159
d2,3,DK2,ensemble::hedge,quantile_gbdt,0.25,60.29292930389421,0.30754979157017137,0.05754979157017137,2159
d2,3,DK2,ensemble::hedge,quantile_gbdt,0.5,70.98118467245428,0.602130616025938,0.10213061602593798,2159
d2,3,DK2,ensemble::hedge,quantile_gbdt,0.75,59.574904811044576,0.8346456692913385,0.08464566929133854,2159
d2,3,DK2,ensemble::hedge,quantile_gbdt,0.9,35.84094458938134,0.8818897637795275,-0.018110236220472475,2159
d2,3,DK2,ensemble::hedge,quantile_gbdt,0.95,25.441162088675515,0.9425660027790643,-0.007433997220935629,2159
d2,3,DK2,pooled_lightgbm,conformal_quantile_gbdt,0.05,22.951790884586888,0.09448818897637795,0.04448818897637795,2159
d2,3,DK2,pooled_lightgbm,conformal_quantile_gbdt,0.1,35.371149726046404,0.15609078276980085,0.05609078276980084,2159
d2,3,DK2,pooled_lightgbm,conformal_quantile_gbdt,0.25,58.640832480162004,0.3080129689671144,0.05801296896711439,2159
d2,3,DK2,pooled_lightgbm,conformal_quantile_gbdt,0.5,68.71613568141508,0.6012042612320518,0.10120426123205184,2159
d2,3,DK2,pooled_lightgbm,conformal_quantile_gbdt,0.75,58.050055848875616,0.8494673459935155,0.09946734599351548,2159
d2,3,DK2,pooled_lightgbm,conformal_quantile_gbdt,0.9,33.007031134036815,0.9286706808707735,0.028670680870773513,2159
d2,3,DK2,pooled_lightgbm,conformal_quantile_gbdt,0.95,19.720502705201273,0.9583140342751274,0.008314034275127447,2159
d2,3,DK2,pooled_lightgbm,empirical_conditional,0.05,25.368973919222483,0.08800370541917554,0.03800370541917554,2159
d2,3,DK2,pooled_lightgbm,empirical_conditional,0.1,36.93248753950724,0.13849004168596574,0.03849004168596573,2159
d2,3,DK2,pooled_lightgbm,empirical_conditional,0.25,56.70556867906941,0.3006021306160259,0.05060213061602592,2159
d2,3,DK2,pooled_lightgbm,empirical_conditional,0.5,67.83954453054825,0.5743399722093562,0.07433997220935618,2159
d2,3,DK2,pooled_lightgbm,empirical_conditional,0.75,56.48673168856194,0.7725798981009727,0.022579898100972717,2159
d2,3,DK2,pooled_lightgbm,empirical_conditional,0.9,34.7608533833971,0.9078276980083372,0.007827698008337158,2159
d2,3,DK2,pooled_lightgbm,empirical_conditional,0.95,21.694645191669796,0.9490504863362668,-0.0009495136637331925,2159
d2,3,DK2,pooled_lightgbm,empirical_global,0.05,21.4192360534702,0.05974988420565076,0.00974988420565076,2159
d2,3,DK2,pooled_lightgbm,empirical_global,0.1,35.20932620761253,0.1190365910143585,0.019036591014358492,2159
d2,3,DK2,pooled_lightgbm,empirical_global,0.25,56.33998536689849,0.2658638258452988,0.015863825845298773,2159
d2,3,DK2,pooled_lightgbm,empirical_global,0.5,68.03049556413404,0.5845298749421028,0.08452987494210285,2159
d2,3,DK2,pooled_lightgbm,empirical_global,0.75,59.77464359039784,0.8026864289022696,0.0526864289022696,2159
d2,3,DK2,pooled_lightgbm,empirical_global,0.9,36.42935414791341,0.9240389069013432,0.024038906901343138,2159
d2,3,DK2,pooled_lightgbm,empirical_global,0.95,22.604828820038193,0.9597035664659564,0.009703566465956492,2159
d2,3,DK2,pooled_lightgbm,quantile_gbdt,0.05,26.229086188234614,0.12505789717461788,0.07505789717461787,2159
d2,3,DK2,pooled_lightgbm,quantile_gbdt,0.1,39.124017609423966,0.19592403890690135,0.09592403890690135,2159
d2,3,DK2,pooled_lightgbm,quantile_gbdt,0.25,58.85030478354378,0.3886058360352015,0.1386058360352015,2159
d2,3,DK2,pooled_lightgbm,quantile_gbdt,0.5,67.10690604329791,0.5479388605836035,0.047938860583603526,2159
d2,3,DK2,pooled_lightgbm,quantile_gbdt,0.75,57.0627290096643,0.8008337193144974,0.05083371931449743,2159
d2,3,DK2,pooled_lightgbm,quantile_gbdt,0.9,35.424393370116235,0.8675312644742936,-0.032468735525706394,2159
d2,3,DK2,pooled_lightgbm,quantile_gbdt,0.95,24.17947989680039,0.9263547938860583,-0.023645206113941608,2159
exact,2,DK1,ensemble::dirichlet_mae,empirical_conditional,0.05,38.16600124442532,0.015873015873015872,-0.03412698412698413,1008
exact,2,DK1,ensemble::dirichlet_mae,empirical_conditional,0.1,64.66255952931277,0.04365079365079365,-0.05634920634920636,1008
exact,2,DK1,ensemble::dirichlet_mae,empirical_conditional,0.25,114.59904471260435,0.13095238095238096,-0.11904761904761904,1008
exact,2,DK1,ensemble::dirichlet_mae,empirical_conditional,0.5,145.75271307495697,0.37797619047619047,-0.12202380952380953,1008
exact,2,DK1,ensemble::dirichlet_mae,empirical_conditional,0.75,131.45488342270008,0.6716269841269841,-0.07837301587301593,1008
exact,2,DK1,ensemble::dirichlet_mae,empirical_conditional,0.9,82.26640400986689,0.8759920634920635,-0.024007936507936534,1008
exact,2,DK1,ensemble::dirichlet_mae,empirical_conditional,0.95,52.914602657209734,0.9216269841269841,-0.028373015873015883,1008
exact,2,DK1,ensemble::dirichlet_mae,empirical_global,0.05,44.603482835612816,0.0248015873015873,-0.025198412698412703,1008
exact,2,DK1,ensemble::dirichlet_mae,empirical_global,0.1,69.78937832152914,0.037698412698412696,-0.06230158730158731,1008
exact,2,DK1,ensemble::dirichlet_mae,empirical_global,0.25,114.37589942975464,0.11011904761904762,-0.13988095238095238,1008
exact,2,DK1,ensemble::dirichlet_mae,empirical_global,0.5,144.05174206250064,0.39186507936507936,-0.10813492063492064,1008
exact,2,DK1,ensemble::dirichlet_mae,empirical_global,0.75,131.20493138904914,0.6785714285714286,-0.0714285714285714,1008
exact,2,DK1,ensemble::dirichlet_mae,empirical_global,0.9,77.84146567745385,0.8928571428571429,-0.0071428571428571175,1008
exact,2,DK1,ensemble::dirichlet_mae,empirical_global,0.95,48.34204298837895,0.9563492063492064,0.006349206349206438,1008
exact,2,DK1,ensemble::dirichlet_mae,quantile_gbdt,0.05,40.57474798918118,0.022817460317460316,-0.027182539682539687,1008
exact,2,DK1,ensemble::dirichlet_mae,quantile_gbdt,0.1,67.3397673819094,0.028769841269841268,-0.07123015873015874,1008
exact,2,DK1,ensemble::dirichlet_mae,quantile_gbdt,0.25,131.1448197639284,0.09722222222222222,-0.1527777777777778,1008
exact,2,DK1,ensemble::dirichlet_mae,quantile_gbdt,0.5,180.49306920198387,0.21924603174603174,-0.28075396825396826,1008
exact,2,DK1,ensemble::dirichlet_mae,quantile_gbdt,0.75,197.8422184702588,0.3333333333333333,-0.4166666666666667,1008
exact,2,DK1,ensemble::dirichlet_mae,quantile_gbdt,0.9,151.159108560434,0.5,-0.4,1008
exact,2,DK1,ensemble::dirichlet_mae,quantile_gbdt,0.95,101.8307884141649,0.6775793650793651,-0.27242063492063484,1008
exact,2,DK1,ensemble::hedge,conformal_quantile_gbdt,0.05,44.56261287959478,0.0248015873015873,-0.025198412698412703,1008
exact,2,DK1,ensemble::hedge,conformal_quantile_gbdt,0.1,75.11323069598987,0.026785714285714284,-0.07321428571428572,1008
exact,2,DK1,ensemble::hedge,conformal_quantile_gbdt,0.25,134.54877989892833,0.05257936507936508,-0.1974206349206349,1008
exact,2,DK1,ensemble::hedge,conformal_quantile_gbdt,0.5,186.4425471374133,0.21428571428571427,-0.2857142857142857,1008
exact,2,DK1,ensemble::hedge,conformal_quantile_gbdt,0.75,170.86392780096708,0.4503968253968254,-0.2996031746031746,1008
exact,2,DK1,ensemble::hedge,conformal_quantile_gbdt,0.9,110.4766346259904,0.6815476190476191,-0.21845238095238095,1008
exact,2,DK1,ensemble::hedge,conformal_quantile_gbdt,0.95,69.57651687148432,0.7916666666666666,-0.15833333333333333,1008
exact,2,DK1,ensemble::hedge,empirical_conditional,0.05,38.115569183911106,0.013888888888888888,-0.036111111111111115,1008
exact,2,DK1,ensemble::hedge,empirical_conditional,0.1,64.9561405805993,0.037698412698412696,-0.06230158730158731,1008
exact,2,DK1,ensemble::hedge,empirical_conditional,0.25,114.36619795435433,0.12301587301587301,-0.12698412698412698,1008
exact,2,DK1,ensemble::hedge,empirical_conditional,0.5,146.09708413496801,0.376984126984127,-0.12301587301587302,1008
exact,2,DK1,ensemble::hedge,empirical_conditional,0.75,134.2237207477185,0.6488095238095238,-0.10119047619047616,1008
exact,2,DK1,ensemble::hedge,empirical_conditional,0.9,83.90565236590913,0.8541666666666666,-0.04583333333333339,1008
exact,2,DK1,ensemble::hedge,empirical_conditional,0.95,55.69629132811266,0.9097222222222222,-0.040277777777777746,1008
exact,2,DK1,ensemble::hedge,empirical_global,0.05,44.818047467428016,0.021825396825396824,-0.02817460317460318,1008
exact,2,DK1,ensemble::hedge,empirical_global,0.1,71.35132082463176,0.03571428571428571,-0.0642857142857143,1008
exact,2,DK1,ensemble::hedge,empirical_global,0.25,113.81580984965707,0.11011904761904762,-0.13988095238095238,1008
exact,2,DK1,ensemble::hedge,empirical_global,0.5,145.82863965485333,0.375,-0.125,1008
exact,2,DK1,ensemble::hedge,empirical_global,0.75,133.82338202404156,0.6736111111111112,-0.07638888888888884,1008
exact,2,DK1,ensemble::hedge,empirical_global,0.9,80.20921421622873,0.8591269841269841,-0.04087301587301595,1008
exact,2,DK1,ensemble::hedge,empirical_global,0.95,49.28300601149694,0.9404761904761905,-0.00952380952380949,1008
exact,2,DK1,ensemble::hedge,quantile_gbdt,0.05,37.951612815336794,0.021825396825396824,-0.02817460317460318,1008
exact,2,DK1,ensemble::hedge,quantile_gbdt,0.1,65.72450705700024,0.030753968253968252,-0.06924603174603175,1008
exact,2,DK1,ensemble::hedge,quantile_gbdt,0.25,127.46306116514438,0.14682539682539683,-0.10317460317460317,1008
exact,2,DK1,ensemble::hedge,quantile_gbdt,0.5,193.28741915688562,0.23313492063492064,-0.26686507936507936,1008
exact,2,DK1,ensemble::hedge,quantile_gbdt,0.75,208.30216505247807,0.35714285714285715,-0.39285714285714285,1008
exact,2,DK1,ensemble::hedge,quantile_gbdt,0.9,143.92326175507006,0.5505952380952381,-0.3494047619047619,1008
exact,2,DK1,ensemble::hedge,quantile_gbdt,0.95,84.93304378289798,0.7490079365079365,-0.20099206349206344,1008
exact,2,DK1,pooled_lightgbm,empirical_conditional,0.05,36.872349667040474,0.0248015873015873,-0.025198412698412703,1008
exact,2,DK1,pooled_lightgbm,empirical_conditional,0.1,64.50706028302145,0.05853174603174603,-0.041468253968253974,1008
exact,2,DK1,pooled_lightgbm,empirical_conditional,0.25,114.87721096961815,0.1349206349206349,-0.11507936507936509,1008
exact,2,DK1,pooled_lightgbm,empirical_conditional,0.5,146.83060804177495,0.36507936507936506,-0.13492063492063494,1008
exact,2,DK1,pooled_lightgbm,empirical_conditional,0.75,129.79327362906352,0.7063492063492064,-0.04365079365079361,1008
exact,2,DK1,pooled_lightgbm,empirical_conditional,0.9,83.31107789176964,0.8948412698412699,-0.00515873015873014,1008
exact,2,DK1,pooled_lightgbm,empirical_conditional,0.95,55.12208667138155,0.9295634920634921,-0.020436507936507864,1008
exact,2,DK1,pooled_lightgbm,empirical_global,0.05,44.31087531248104,0.03373015873015873,-0.016269841269841274,1008
exact,2,DK1,pooled_lightgbm,empirical_global,0.1,69.24607873058552,0.05257936507936508,-0.047420634920634926,1008
exact,2,DK1,pooled_lightgbm,empirical_global,0.25,116.11807526774909,0.13194444444444445,-0.11805555555555555,1008
exact,2,DK1,pooled_lightgbm,empirical_global,0.5,147.32597637391993,0.35813492063492064,-0.14186507936507936,1008
exact,2,DK1,pooled_lightgbm,empirical_global,0.75,128.07800000710577,0.7291666666666666,-0.02083333333333337,1008
exact,2,DK1,pooled_lightgbm,empirical_global,0.9,80.49867841622847,0.9067460317460317,0.006746031746031722,1008
exact,2,DK1,pooled_lightgbm,empirical_global,0.95,51.311179402755485,0.9593253968253969,0.009325396825396903,1008
exact,2,DK1,pooled_lightgbm,quantile_gbdt,0.05,36.40157457469619,0.03670634920634921,-0.013293650793650795,1008
exact,2,DK1,pooled_lightgbm,quantile_gbdt,0.1,65.04133280970372,0.051587301587301584,-0.04841269841269842,1008
exact,2,DK1,pooled_lightgbm,quantile_gbdt,0.25,122.64268539457197,0.1130952380952381,-0.13690476190476192,1008
exact,2,DK1,pooled_lightgbm,quantile_gbdt,0.5,178.33292295529728,0.23115079365079366,-0.26884920634920634,1008
exact,2,DK1,pooled_lightgbm,quantile_gbdt,0.75,180.26521627888496,0.3888888888888889,-0.3611111111111111,1008
exact,2,DK1,pooled_lightgbm,quantile_gbdt,0.9,140.724200363181,0.5376984126984127,-0.36230158730158735,1008
exact,2,DK1,pooled_lightgbm,quantile_gbdt,0.95,78.81797932285468,0.7767857142857143,-0.17321428571428565,1008
exact,2,DK2,ensemble::equal_weight,empirical_conditional,0.05,14.00642544152063,0.04265873015873016,-0.007341269841269843,1008
exact,2,DK2,ensemble::equal_weight,empirical_conditional,0.1,23.783573077167908,0.09623015873015874,-0.0037698412698412703,1008
exact,2,DK2,ensemble::equal_weight,empirical_conditional,0.25,45.520552069591126,0.25297619047619047,0.0029761904761904656,1008
exact,2,DK2,ensemble::equal_weight,empirical_conditional,0.5,55.66114345500906,0.5367063492063492,0.03670634920634919,1008
exact,2,DK2,ensemble::equal_weight,empirical_conditional,0.75,48.41577799787282,0.7847222222222222,0.03472222222222221,1008
exact,2,DK2,ensemble::equal_weight,empirical_conditional,0.9,29.508718545784618,0.9107142857142857,0.010714285714285676,1008
exact,2,DK2,ensemble::equal_weight,empirical_conditional,0.95,18.336744934397483,0.9513888888888888,0.001388888888888884,1008
exact,2,DK2,ensemble::equal_weight,empirical_global,0.05,13.796227688074767,0.007936507936507936,-0.04206349206349207,1008
exact,2,DK2,ensemble::equal_weight,empirical_global,0.1,27.10653178575488,0.06944444444444445,-0.030555555555555558,1008
exact,2,DK2,ensemble::equal_weight,empirical_global,0.25,47.08966054990339,0.26091269841269843,0.01091269841269843,1008
exact,2,DK2,ensemble::equal_weight,empirical_global,0.5,55.93381264420692,0.5267857142857143,0.0267857142857143,1008
exact,2,DK2,ensemble::equal_weight,empirical_global,0.75,47.55431337523749,0.8045634920634921,0.05456349206349209,1008
exact,2,DK2,ensemble::equal_weight,empirical_global,0.9,28.815376868397127,0.9345238095238095,0.03452380952380951,1008
exact,2,DK2,ensemble::equal_weight,empirical_global,0.95,17.898742610267988,0.9742063492063492,0.02420634920634923,1008
exact,2,DK2,ensemble::equal_weight,quantile_gbdt,0.05,16.56255946795655,0.15376984126984128,0.10376984126984128,1008
exact,2,DK2,ensemble::equal_weight,quantile_gbdt,0.1,30.60535643789051,0.3055555555555556,0.20555555555555557,1008
exact,2,DK2,ensemble::equal_weight,quantile_gbdt,0.25,50.86400033080733,0.4632936507936508,0.2132936507936508,1008
exact,2,DK2,ensemble::equal_weight,quantile_gbdt,0.5,61.199268960429215,0.6329365079365079,0.1329365079365079,1008
exact,2,DK2,ensemble::equal_weight,quantile_gbdt,0.75,46.22089606997498,0.8214285714285714,0.0714285714285714,1008
exact,2,DK2,ensemble::equal_weight,quantile_gbdt,0.9,26.917474028558264,0.9196428571428571,0.019642857142857073,1008
exact,2,DK2,ensemble::equal_weight,quantile_gbdt,0.95,15.771091788323641,0.9434523809523809,-0.006547619047619024,1008
exact,2,DK2,ensemble::hedge,conformal_quantile_gbdt,0.05,13.735884842426318,0.05257936507936508,0.002579365079365077,1008
exact,2,DK2,ensemble::hedge,conformal_quantile_gbdt,0.1,25.190412369734812,0.09821428571428571,-0.0017857142857142932,1008
exact,2,DK2,ensemble::hedge,conformal_quantile_gbdt,0.25,49.144313111987366,0.32341269841269843,0.07341269841269843,1008
exact,2,DK2,ensemble::hedge,conformal_quantile_gbdt,0.5,62.545887636005,0.6240079365079365,0.12400793650793651,1008
exact,2,DK2,ensemble::hedge,conformal_quantile_gbdt,0.75,52.55295869544131,0.8442460317460317,0.09424603174603174,1008
exact,2,DK2,ensemble::hedge,conformal_quantile_gbdt,0.9,30.435535850688183,0.9573412698412699,0.05734126984126986,1008
exact,2,DK2,ensemble::hedge,conformal_quantile_gbdt,0.95,18.028811110687155,0.9801587301587301,0.030158730158730163,1008
exact,2,DK2,ensemble::hedge,empirical_conditional,0.05,13.949116356827737,0.034722222222222224,-0.015277777777777779,1008
exact,2,DK2,ensemble::hedge,empirical_conditional,0.1,24.368402605256534,0.08333333333333333,-0.016666666666666677,1008
exact,2,DK2,ensemble::hedge,empirical_conditional,0.25,46.04205997514119,0.25297619047619047,0.0029761904761904656,1008
exact,2,DK2,ensemble::hedge,empirical_conditional,0.5,56.453753968413615,0.5386904761904762,0.038690476190476164,1008
exact,2,DK2,ensemble::hedge,empirical_conditional,0.75,49.154163825539335,0.7807539682539683,0.030753968253968256,1008
exact,2,DK2,ensemble::hedge,empirical_conditional,0.9,29.99168903958054,0.9047619047619048,0.004761904761904745,1008
exact,2,DK2,ensemble::hedge,empirical_conditional,0.95,18.725818117915747,0.9384920634920635,-0.011507936507936467,1008
exact,2,DK2,ensemble::hedge,empirical_global,0.05,13.998967422895927,0.011904761904761904,-0.0380952380952381,1008
exact,2,DK2,ensemble::hedge,empirical_global,0.1,27.511705419005004,0.07242063492063493,-0.02757936507936508,1008
exact,2,DK2,ensemble::hedge,empirical_global,0.25,47.43698761600917,0.2718253968253968,0.021825396825396803,1008
exact,2,DK2,ensemble::hedge,empirical_global,0.5,56.47457373528478,0.5357142857142857,0.0357142857142857,1008
exact,2,DK2,ensemble::hedge,empirical_global,0.75,48.46190060115119,0.7906746031746031,0.04067460317460314,1008
exact,2,DK2,ensemble::hedge,empirical_global,0.9,29.219181273303665,0.9136904761904762,0.013690476190476142,1008
exact,2,DK2,ensemble::hedge,empirical_global,0.95,17.849322430087053,0.9553571428571429,0.005357142857142949,1008
exact,2,DK2,ensemble::hedge,quantile_gbdt,0.05,16.7746702794538,0.1736111111111111,0.1236111111111111,1008
exact,2,DK2,ensemble::hedge,quantile_gbdt,0.1,29.66722796880989,0.2876984126984127,0.18769841269841267,1008
exact,2,DK2,ensemble::hedge,quantile_gbdt,0.25,49.93109690345602,0.4365079365079365,0.1865079365079365,1008
exact,2,DK2,ensemble::hedge,quantile_gbdt,0.5,66.82397350551119,0.6448412698412699,0.14484126984126988,1008
exact,2,DK2,ensemble::hedge,quantile_gbdt,0.75,46.741380453977776,0.8273809523809523,0.07738095238095233,1008
exact,2,DK2,ensemble::hedge,quantile_gbdt,0.9,26.18378758713722,0.8928571428571429,-0.0071428571428571175,1008
exact,2,DK2,ensemble::hedge,quantile_gbdt,0.95,17.133726305392365,0.9375,-0.012499999999999956,1008
exact,2,DK2,ensemble::inverse_mae,empirical_conditional,0.05,14.076447301865601,0.041666666666666664,-0.008333333333333338,1008
exact,2,DK2,ensemble::inverse_mae,empirical_conditional,0.1,24.025683401639462,0.09722222222222222,-0.002777777777777782,1008
exact,2,DK2,ensemble::inverse_mae,empirical_conditional,0.25,45.58821064964182,0.25297619047619047,0.0029761904761904656,1008
exact,2,DK2,ensemble::inverse_mae,empirical_conditional,0.5,55.88655730906258,0.5386904761904762,0.038690476190476164,1008
exact,2,DK2,ensemble::inverse_mae,empirical_conditional,0.75,48.44490120859264,0.7827380952380952,0.03273809523809523,1008
exact,2,DK2,ensemble::inverse_mae,empirical_conditional,0.9,29.65616077972663,0.9087301587301587,0.0087301587301587,1008
exact,2,DK2,ensemble::inverse_mae,empirical_conditional,0.95,18.426737738405475,0.9494047619047619,-0.0005952380952380931,1008
exact,2,DK2,ensemble::inverse_mae,empirical_global,0.05,13.820113596827234,0.006944444444444444,-0.043055555555555555,1008
exact,2,DK2,ensemble::inverse_mae,empirical_global,0.1,27.13416135216729,0.07142857142857142,-0.02857142857142858,1008
exact,2,DK2,ensemble::inverse_mae,empirical_global,0.25,47.16762556557354,0.2619047619047619,0.011904761904761918,1008
exact,2,DK2,ensemble::inverse_mae,empirical_global,0.5,56.04578991358334,0.5248015873015873,0.024801587301587324,1008
exact,2,DK2,ensemble::inverse_mae,empirical_global,0.75,47.576093408736426,0.7966269841269841,0.04662698412698407,1008
exact,2,DK2,ensemble::inverse_mae,empirical_global,0.9,28.89984840276097,0.9315476190476191,0.03154761904761905,1008
exact,2,DK2,ensemble::inverse_mae,empirical_global,0.95,17.76899220896135,0.9682539682539683,0.0182539682539683,1008
exact,2,DK2,ensemble::inverse_mae,quantile_gbdt,0.05,14.688001571892892,0.09821428571428571,0.04821428571428571,1008
exact,2,DK2,ensemble::inverse_mae,quantile_gbdt,0.1,30.09067950405282,0.31845238095238093,0.21845238095238093,1008
exact,2,DK2,ensemble::inverse_mae,quantile_gbdt,0.25,50.919022298200254,0.46130952380952384,0.21130952380952384,1008
exact,2,DK2,ensemble::inverse_mae,quantile_gbdt,0.5,67.75005573362833,0.7232142857142857,0.2232142857142857,1008
exact,2,DK2,ensemble::inverse_mae,quantile_gbdt,0.75,47.44255417636437,0.8472222222222222,0.09722222222222221,1008
exact,2,DK2,ensemble::inverse_mae,quantile_gbdt,0.9,27.100941707921308,0.9345238095238095,0.03452380952380951,1008
exact,2,DK2,ensemble::inverse_mae,quantile_gbdt,0.95,16.543919676327043,0.9464285714285714,-0.0035714285714285587,1008
exact,2,DK2,pooled_lightgbm,empirical_conditional,0.05,13.852833387484788,0.026785714285714284,-0.02321428571428572,1008
exact,2,DK2,pooled_lightgbm,empirical_conditional,0.1,24.03097842202241,0.06944444444444445,-0.030555555555555558,1008
exact,2,DK2,pooled_lightgbm,empirical_conditional,0.25,45.16243672154592,0.2222222222222222,-0.02777777777777779,1008
exact,2,DK2,pooled_lightgbm,empirical_conditional,0.5,55.88835590448814,0.4801587301587302,-0.019841269841269826,1008
exact,2,DK2,pooled_lightgbm,empirical_conditional,0.75,47.584402961626104,0.7529761904761905,0.0029761904761904656,1008
exact,2,DK2,pooled_lightgbm,empirical_conditional,0.9,29.665182334763607,0.8779761904761905,-0.022023809523809557,1008
exact,2,DK2,pooled_lightgbm,empirical_conditional,0.95,18.56127994959489,0.9226190476190477,-0.027380952380952284,1008
exact,2,DK2,pooled_lightgbm,empirical_global,0.05,14.748795529492652,0.003968253968253968,-0.046031746031746035,1008
exact,2,DK2,pooled_lightgbm,empirical_global,0.1,25.899786174634805,0.051587301587301584,-0.04841269841269842,1008
exact,2,DK2,pooled_lightgbm,empirical_global,0.25,47.57689313074889,0.2152777777777778,-0.03472222222222221,1008
exact,2,DK2,pooled_lightgbm,empirical_global,0.5,56.341348307421995,0.5138888888888888,0.01388888888888884,1008
exact,2,DK2,pooled_lightgbm,empirical_global,0.75,47.668598075727,0.7490079365079365,-0.0009920634920634885,1008
exact,2,DK2,pooled_lightgbm,empirical_global,0.9,28.998316032222604,0.8928571428571429,-0.0071428571428571175,1008
exact,2,DK2,pooled_lightgbm,empirical_global,0.95,18.171606603104834,0.9285714285714286,-0.021428571428571352,1008
exact,2,DK2,pooled_lightgbm,quantile_gbdt,0.05,14.410813597035576,0.07837301587301587,0.02837301587301587,1008
exact,2,DK2,pooled_lightgbm,quantile_gbdt,0.1,31.11170556292555,0.28075396825396826,0.18075396825396825,1008
exact,2,DK2,pooled_lightgbm,quantile_gbdt,0.25,56.686842162452244,0.48412698412698413,0.23412698412698413,1008
exact,2,DK2,pooled_lightgbm,quantile_gbdt,0.5,62.275572938656204,0.6121031746031746,0.11210317460317465,1008
exact,2,DK2,pooled_lightgbm,quantile_gbdt,0.75,49.7114831797071,0.7261904761904762,-0.023809523809523836,1008
exact,2,DK2,pooled_lightgbm,quantile_gbdt,0.9,28.228761590781794,0.9027777777777778,0.002777777777777768,1008
exact,2,DK2,pooled_lightgbm,quantile_gbdt,0.95,17.320257582270273,0.9375,-0.012499999999999956,1008
